name,time,price,rating,comment,shipment,url
任天堂 Nintendo Switch主机 Joy-Con(L)霓虹蓝/(R)霓虹红(电池持续时间长后的款) &【任天堂许可商品】Nintendo Switch*液晶保护膜 多功能&*马里奥 3D收藏 -Switch (Amazon.co.jp限定) 马里奥贴纸(A5尺寸)&Nintendo Switch 标志设计 微纤维布 同捆),2020-11,"￥2,447.25",,,购海外购商品满300元免运费,https://www.amazon.cn/dp/B08LH5SRY6/ref=sr_1_1?dchild=1&keywords=switch&qid=1606145274&sr=8-1
Nintendo 任天堂 Switch Lite 珊瑚色 - P 単品,2020-03,"￥1,340.39",4.8 颗星，最多 5 颗星,224,购海外购商品满300元免运费,https://www.amazon.cn/dp/B085GGZ5GS/ref=sr_1_2?dchild=1&keywords=switch&qid=1606145274&sr=8-2
任天堂 Nintendo Super Mario Party 超级马里奥派对【Joy Con (L) 霓虹粉/ (R) 霓虹黄】套装 - Switch,,￥658.02,4.6 颗星，最多 5 颗星,37,购海外购商品满300元免运费,https://www.amazon.cn/dp/B07KH9SG84/ref=sr_1_3?dchild=1&keywords=switch&qid=1606145274&sr=8-3
任天堂（Nintendo） Switch 游戏机 掌上游戏机Switch NS 英版,2017-03,"￥3,317.23",5.0 颗星，最多 5 颗星,1,购海外购商品满300元免运费,https://www.amazon.cn/dp/B01MFADJFV/ref=sr_1_4?dchild=1&keywords=switch&qid=1606145274&sr=8-4
Nintendo 任天堂 Switch Pro 控制手柄 喷射战士2限定版,2017-07,￥487.35,4.7 颗星，最多 5 颗星,34,购海外购商品满300元免运费,https://www.amazon.cn/dp/B072FHHZFJ/ref=sr_1_5?dchild=1&keywords=switch&qid=1606145274&sr=8-5
NITHO 主机 Dock Pro 扩展坞 带4000mAh 电池组 Nintendo Switch,,￥213.54,,,购海外购商品满 ￥300 元免运费,https://www.amazon.cn/dp/B07VPV98KQ/ref=sr_1_6?dchild=1&keywords=switch&qid=1606145274&sr=8-6
Pokemon Tekken Tournament DX Pro Controller [任天堂Switch],,￥220.96,,,购海外购商品满 ￥300 元免运费,https://www.amazon.cn/dp/B07611WDMG/ref=sr_1_7?dchild=1&keywords=switch&qid=1606145274&sr=8-7
龙珠 龙珠 *赛亚人神一番翔极限 30cm (任天堂Switch),,￥577.95,,,购海外购商品满300元免运费,https://www.amazon.cn/dp/B07XHWFJR7/ref=sr_1_8?dchild=1&keywords=switch&qid=1606145274&sr=8-8
Casque Gaming Avec Micro Pour PlayStation 4 - PS4 Slim - PS4 Pro - Xbox One - PC Nintendo Switch,,￥393.05,,,购海外购商品满300元免运费,https://www.amazon.cn/dp/B07GZVRT17/ref=sr_1_9?dchild=1&keywords=switch&qid=1606145274&sr=8-9
NITHO V-Grip V 型手柄 适用于任天堂 Switch Joy-Con 控制器（任天堂Switch）,,￥163.87,,,购海外购商品满 ￥300 元免运费,https://www.amazon.cn/dp/B07VPVC24K/ref=sr_1_10?dchild=1&keywords=switch&qid=1606145274&sr=8-10
Pokeball 充电支架/女巫 (NNintendo Switch),,￥165.90,,,购海外购商品满 ￥300 元免运费,https://www.amazon.cn/dp/B07JZ8G7W6/ref=sr_1_11?dchild=1&keywords=switch&qid=1606145274&sr=8-11
龙珠* Jcc - 增强器扩展 - 增强器02 X24（法语）（任天堂Switch/PS4/Xbox One）,,"￥1,031.20",,,购海外购商品满300元免运费,https://www.amazon.cn/dp/B085CY2T26/ref=sr_1_12?dchild=1&keywords=switch&qid=1606145274&sr=8-12
Nintendo 任天堂 Switch Lite Coral & 红豆绿 -Switch&【任天堂许可商品】Nintendo Switch Lite* 硬质保护套 红豆绿 森林&【任天堂许可商品】Nintendo Switch Lite*液晶保护膜 多功能 (【Amazon.co.jp限定】Nintendo Switch标志设计 超细纤维布),2020-06,"￥1,891.15",,,购海外购商品满300元免运费,https://www.amazon.cn/dp/B089MP8Y8Q/ref=sr_1_13?dchild=1&keywords=switch&qid=1606145274&sr=8-13
PDP Faceoff 豪华有线专业控制器 适用于 Nintendo Switch (500-069-NA-LZ00) - Nintendo Switch,2018-06,￥259.41,4.4 颗星，最多 5 颗星,378,购海外购商品满 ￥300 元免运费,https://www.amazon.cn/dp/B073X3SLL1/ref=sr_1_14?dchild=1&keywords=switch&qid=1606145274&sr=8-14
NITHO 符合人体工程学的赛车轮 Nintendo Switch Joy-Con 控制器（任天堂Switch）,,￥168.11,,,购海外购商品满 ￥300 元免运费,https://www.amazon.cn/dp/B07VMRRH8K/ref=sr_1_15?dchild=1&keywords=switch&qid=1606145274&sr=8-15
Switch Play and Charge 游戏机保护套 (NNintendo Switch),,￥198.87,4.6 颗星，最多 5 颗星,81,购海外购商品满 ￥300 元免运费,https://www.amazon.cn/dp/B07GX72ZGY/ref=sr_1_16?dchild=1&keywords=switch&qid=1606145274&sr=8-16
"AMZER 硅胶保护套,用于任天堂Switch Joy-Con手柄 透明",,￥106.68,,,,https://www.amazon.cn/dp/B072WNGH1R/ref=sr_1_17?dchild=1&keywords=switch&qid=1606145274&sr=8-17
背包 - Switch Edition (Nintendo Switch),,￥377.36,4.7 颗星，最多 5 颗星,156,购海外购商品满300元免运费,https://www.amazon.cn/dp/B07GX6PBF2/ref=sr_1_18?dchild=1&keywords=switch&qid=1606145274&sr=8-18
Nintendo 任天堂 Switch 口袋妖怪小球纤薄便携包适用于控制台和游戏，PDP 500-112,2018-11,￥119.53,5.0 颗星，最多 5 颗星,1,,https://www.amazon.cn/dp/B07GX4YZZD/ref=sr_1_19?dchild=1&keywords=switch&qid=1606145274&sr=8-19
Nintendo Switch Lunchbox Kit Zelda: Breath of the Wild Links Bow (Nintendo Switch),,￥342.69,4.6 颗星，最多 5 颗星,12,购海外购商品满300元免运费,https://www.amazon.cn/dp/B075FCXXWQ/ref=sr_1_20?dchild=1&keywords=switch&qid=1606145274&sr=8-20
任天堂Switch Lite 保护壳 - 口袋妖怪棋棋盘：黄色（任天堂切换）,,￥217.78,4.7 颗星，最多 5 颗星,8,购海外购商品满 ￥300 元免运费,https://www.amazon.cn/dp/B07ZL1J2KH/ref=sr_1_21?dchild=1&keywords=switch&qid=1606145274&sr=8-21
控制器手柄与任天堂Switch兼容,,￥147.25,,,购海外购商品满 ￥300 元免运费,https://www.amazon.cn/dp/B07J4W6VR2/ref=sr_1_22?dchild=1&keywords=switch&qid=1606145274&sr=8-22
Afterglow Wireless Deluxe Ctrl for Nintendo Switch (Nintendo Switch///),,￥329.36,5.0 颗星，最多 5 颗星,3,购海外购商品满300元免运费,https://www.amazon.cn/dp/B07VFCJHFQ/ref=sr_1_23?dchild=1&keywords=switch&qid=1606145274&sr=8-23
Nintendo 任天堂 Switch 桃桃有线 专业版战斗手柄,,￥184.34,5.0 颗星，最多 5 颗星,2,购海外购商品满 ￥300 元免运费,https://www.amazon.cn/dp/B07MY2WZ7M/ref=sr_1_24?dchild=1&keywords=switch&qid=1606145274&sr=8-24
Nintendo 任天堂 Switch 500-100-NA-D3 Pokemon 皮卡丘游戏手柄，PDP Pro有线战斗垫控制器,,￥353.45,4.6 颗星，最多 5 颗星,"2,097",购海外购商品满300元免运费,https://www.amazon.cn/dp/B07GXB9GW9/ref=sr_1_25?dchild=1&keywords=switch&qid=1606145274&sr=8-25
"Tomtoc 便携保护套适用于 Nintendo Switch Hori Split Pad Pro,",,￥232.16,5.0 颗星，最多 5 颗星,4,购海外购商品满 ￥300 元免运费,https://www.amazon.cn/dp/B08G87X88X/ref=sr_1_26?dchild=1&keywords=switch&qid=1606145274&sr=8-26
joy-con 遥控器,2017-03,￥499.73,3.0 颗星，最多 5 颗星,1,购海外购商品满300元免运费,https://www.amazon.cn/dp/B01N5OORGV/ref=sr_1_27?dchild=1&keywords=switch&qid=1606145274&sr=8-27
Nintendo Switch 任天堂 豪华保护套（黑色）,,￥289.99,5.0 颗星，最多 5 颗星,2,购海外购商品满 ￥300 元免运费,https://www.amazon.cn/dp/B01N23OP50/ref=sr_1_28?dchild=1&keywords=switch&qid=1606145274&sr=8-28
"DELTACO HDMI Switch, 4-1 + Picture In Picture 7007 Prime 黑色",,￥400.46,,,购海外购商品满300元免运费,https://www.amazon.cn/dp/B077SCXZ5G/ref=sr_1_29?dchild=1&keywords=switch&qid=1606145274&sr=8-29
Hori 任天堂官方许可的铝金属高级外壳-适合任天堂 Switch-MARIO版本,2018-08,￥173.07,4.6 颗星，最多 5 颗星,6,,https://www.amazon.cn/dp/B07FQZ597M/ref=sr_1_30?dchild=1&keywords=switch&qid=1606145274&sr=8-30
HORI Split Pad Pro-Daemon X Machina 任天堂 Switch，《恶魔x机甲》联动手柄,2019-09,￥310.59,4.6 颗星，最多 5 颗星,"5,140",购海外购商品满300元免运费,https://www.amazon.cn/dp/B07T5QKKVP/ref=sr_1_31?dchild=1&keywords=switch&qid=1606145274&sr=8-31
Nintendo 任天堂 Switch Pro 手柄 带 Pro手柄用的Stick Pad 【Amazon.co.jp限定】,2019-05,￥467.14,5.0 颗星，最多 5 颗星,1,购海外购商品满300元免运费,https://www.amazon.cn/dp/B07RHT52HX/ref=sr_1_32?dchild=1&keywords=switch&qid=1606145274&sr=8-32
Nintendo 任天堂 SWITCH 专业手柄,2017-03,￥434.68,4.0 颗星，最多 5 颗星,16,购海外购商品满300元免运费,https://www.amazon.cn/dp/B01N4ND1T2/ref=sr_1_33?dchild=1&keywords=switch&qid=1606145274&sr=8-33
RDS Industries 官方*任天堂交换机*马里奥 - 豪华豪华保护壳 - Deboss Grey - Nintendo Switch,2020-07,￥165.11,4.5 颗星，最多 5 颗星,7,购海外购商品满 ￥300 元免运费,https://www.amazon.cn/dp/B07T2J7PZ5/ref=sr_1_34?dchild=1&keywords=switch&qid=1606145274&sr=8-34
Switch Pro Controller Super Smash Bros Edition,2018-12,￥646.71,5.0 颗星，最多 5 颗星,1,购海外购商品满300元免运费,https://www.amazon.cn/dp/B07GY2RTRS/ref=sr_1_35?dchild=1&keywords=switch&qid=1606145274&sr=8-35
Nintendo 任天堂 Switch Pro手柄 Nintendo Switch 标志设计 超细纤维布 【Amazon.co.jp限定】,2019-03,￥437.45,5.0 颗星，最多 5 颗星,2,购海外购商品满300元免运费,https://www.amazon.cn/dp/B07PNGSC5S/ref=sr_1_36?dchild=1&keywords=switch&qid=1606145274&sr=8-36
Nintendo 任天堂 Switch 手柄 Smash Pad Pro NS Link 塞尔达英雄传说 超级马里奥兄弟,2018-11,￥346.98,5.0 颗星，最多 5 颗星,2,购海外购商品满300元免运费,https://www.amazon.cn/dp/B07GX8YS78/ref=sr_1_37?dchild=1&keywords=switch&qid=1606145274&sr=8-37
AMZER 任天堂切换硅胶皮肤果冻手机壳 -AMZ202504 透明,,￥90.51,,,,https://www.amazon.cn/dp/B072WPDKN9/ref=sr_1_38?dchild=1&keywords=switch&qid=1606145274&sr=8-38
SanDisk 闪迪 256GB microSDXC UHS-I存储卡，适用于任天堂游戏机-SDSQXAO-256G-GNCZN,,￥294.59,4.6 颗星，最多 5 颗星,3,购海外购商品满 ￥300 元免运费,https://www.amazon.cn/dp/B07QD6R5L7/ref=sr_1_39?dchild=1&keywords=switch&qid=1606145274&sr=8-39
MAXGAMES Nintendo Switch Lite收纳盒 EVA 集合吧！动物森友会~,,￥161.08,5.0 颗星，最多 5 颗星,1,购海外购商品满 ￥300 元免运费,https://www.amazon.cn/dp/B083SK391C/ref=sr_1_40?dchild=1&keywords=switch&qid=1606145274&sr=8-40
"Nintendo Switch 无线控制器,遥控专业控制器游戏手柄操纵杆,适用于 Nintendo Switch 控制台,支持陀螺轴,涡轮和双振动[2020 更新版本]",,￥180.62,4.4 颗星，最多 5 颗星,60,购海外购商品满 ￥300 元免运费,https://www.amazon.cn/dp/B0872PGF17/ref=sr_1_41?dchild=1&keywords=switch&qid=1606145274&sr=8-41
Acer Switch 5 12.2 英寸可变式平板电脑 - （灰色）（Intel Core i5-7200U 处理器，4 GB 内存，256 GB SDD，Windows 10）,,"￥6,226.68",,,购海外购商品满300元免运费,https://www.amazon.cn/dp/B073VM4XQR/ref=sr_1_42?dchild=1&keywords=switch&qid=1606145274&sr=8-42
MAXGAMES Nintendo Switch游戏卡包 24张 集合吧!动物森友会~,,￥122.24,,,购海外购商品满 ￥300 元免运费,https://www.amazon.cn/dp/B083SK5SSZ/ref=sr_1_43?dchild=1&keywords=switch&qid=1606145274&sr=8-43
深底液喷雾 - 开关,2020-01,￥308.68,,,购海外购商品满300元免运费,https://www.amazon.cn/dp/B079992KWF/ref=sr_1_44?dchild=1&keywords=switch&qid=1606145274&sr=8-44
任天堂切换游戏旅行者豪华旅行箱 黑色,2017-03,￥171.44,3.9 颗星，最多 5 颗星,3,购海外购商品满 ￥300 元免运费,https://www.amazon.cn/dp/B01MY9JB2U/ref=sr_1_45?dchild=1&keywords=switch&qid=1606145274&sr=8-45
"Nintendo 任天堂 Labo 游戏机配件 variation_p , 1) バラエティ キット, 1) ソフトのみ, 1) 通常版",2018-04,￥379.43,4.7 颗星，最多 5 颗星,135,购海外购商品满300元免运费,https://www.amazon.cn/dp/B079T6CHPV/ref=sr_1_46?dchild=1&keywords=switch&qid=1606145274&sr=8-46
任天堂 Nintendo Labo Toy-Con 04:VR套装 精巧版（Bazuka限定）-Switch,,￥272.60,4.7 颗星，最多 5 颗星,135,购海外购商品满 ￥300 元免运费,https://www.amazon.cn/dp/B07PWJP96F/ref=sr_1_47?dchild=1&keywords=switch&qid=1606145274&sr=8-47
"游戏控制器兼容 Switch 和 Switch Lite,无线 Pro 控制器 游戏手柄 遥控操纵杆带 NFC 唤醒、涡轮、双振动和运动控制功能(红色)",,￥221.14,,,购海外购商品满 ￥300 元免运费,https://www.amazon.cn/dp/B08LNFSNR9/ref=sr_1_48?dchild=1&keywords=switch&qid=1606145274&sr=8-48
Crosley Switch II 蓝牙电唱机 复古设计 带FM / AM 收音机和外置扬声器,,"￥1,335.24",,,购海外购商品满300元免运费,https://www.amazon.cn/dp/B07JZSG1ML/ref=sr_1_49?dchild=1&keywords=switch&qid=1606145277&sr=8-49
Switch Joy-Con 控制器充电器和 Pro 控制器充电底座，适用于 Nintendo Switch 的 OIVO 5 合 1 快速充电器扩展坞 - 包含 2.8 英尺 C 型电缆,,￥204.44,4.6 颗星，最多 5 颗星,"1,335",购海外购商品满 ￥300 元免运费,https://www.amazon.cn/dp/B07MF524Y4/ref=sr_1_50?dchild=1&keywords=switch&qid=1606145277&sr=8-50
Nintendo 任天堂 Switch Lite携带盒 红豆 动物森林 ~ 香波图案 ~ 2) Switch用,2020-03,￥217.40,,,购海外购商品满 ￥300 元免运费,https://www.amazon.cn/dp/B085GGZ2RD/ref=sr_1_51?dchild=1&keywords=switch&qid=1606145277&sr=8-51
Nintendo 任天堂 Switch Labo Toy-Con 03：车辆驱动套装（世界版）,2018-09,￥423.00,4.7 颗星，最多 5 颗星,135,购海外购商品满300元免运费,https://www.amazon.cn/dp/B07GZPHMB1/ref=sr_1_52?dchild=1&keywords=switch&qid=1606145277&sr=8-52
Nintendo 任天堂 Switch Lite 便携式游戏机 - 黄色,,"￥1,976.49",4.9 颗星，最多 5 颗星,621,购海外购商品满300元免运费,https://www.amazon.cn/dp/B07SLM9772/ref=sr_1_53?dchild=1&keywords=switch&qid=1606145277&sr=8-53
"Nintendo 任天堂 Switch 便携包 附带屏幕保护膜, 無地",2017-03,￥185.82,4.6 颗星，最多 5 颗星,3,购海外购商品满 ￥300 元免运费,https://www.amazon.cn/dp/B01N7TG2VN/ref=sr_1_54?dchild=1&keywords=switch&qid=1606145277&sr=8-54
Nintendo Switch Pro控制器 *袋,2018-12,￥147.90,5.0 颗星，最多 5 颗星,2,购海外购商品满 ￥300 元免运费,https://www.amazon.cn/dp/B07K7N96JQ/ref=sr_1_55?dchild=1&keywords=switch&qid=1606145277&sr=8-55
Switch: How to Change Things When Change Is Hard (English Edition),,￥85.21,4.0 颗星，最多 5 颗星,4,即时可用,https://www.amazon.cn/dp/B0030DHPGQ/ref=sr_1_56?dchild=1&keywords=switch&qid=1606145277&sr=8-56
PowerA Nintendo Switch Joy Con控制器充电设备-Nintendo许可,,￥140.43,5.0 颗星，最多 5 颗星,1,购海外购商品满 ￥300 元免运费,https://www.amazon.cn/dp/B01MR6JD1M/ref=sr_1_57?dchild=1&keywords=switch&qid=1606145277&sr=8-57
迪士尼&迪士尼/皮克斯卡通人物 Dream Switch(梦幻开关)50故事。,,"￥1,152.45",,,购海外购商品满300元免运费,https://www.amazon.cn/dp/B08HS45NQP/ref=sr_1_58?dchild=1&keywords=switch&qid=1606145277&sr=8-58
龙珠 *一番翔PVC雕像 *赛亚人神 Ss Vegito (任天堂Switch),,￥574.42,,,购海外购商品满300元免运费,https://www.amazon.cn/dp/B07YLDLKHJ/ref=sr_1_59?dchild=1&keywords=switch&qid=1606145277&sr=8-59
CYBER 陀螺仪控制器 无线型 ( SWITCH 用) 浅* × 乳白色 - Switch,2020-07,￥339.68,5.0 颗星，最多 5 颗星,1,购海外购商品满300元免运费,https://www.amazon.cn/dp/B087QHHXVK/ref=sr_1_60?dchild=1&keywords=switch&qid=1606145277&sr=8-60
Protective Case / Cover & Stand for Nintendo Switch / Hybrid - Splatoon 2,,￥135.85,4.8 颗星，最多 5 颗星,13,购海外购商品满 ￥300 元免运费,https://www.amazon.cn/dp/B073VSRM16/ref=sr_1_61?dchild=1&keywords=switch&qid=1606145277&sr=8-61
"Hori Nintendo Switch Split Pad Pro(红色)人体工程学控制器,适用于手持模式 - Nintendo 任天堂官方* - Nintendo Switch",2020-09,￥334.98,4.6 颗星，最多 5 颗星,"5,140",购海外购商品满300元免运费,https://www.amazon.cn/dp/B08FJ8B197/ref=sr_1_62?dchild=1&keywords=switch&qid=1606145277&sr=8-62
スーパー マリオパーティ　4人で遊べる Joy-Conセット -Switch (【Amazon.co.jp限定】オリジナルアクリルキーホルダー 同梱),2019-11,￥685.15,,,购海外购商品满300元免运费,https://www.amazon.cn/dp/B08124DCB5/ref=sr_1_63?dchild=1&keywords=switch&qid=1606145277&sr=8-63
adidas 阿迪达斯 中性款 儿童 Vs Switch 3 C 跑步鞋,,￥281.46,,,购海外购商品满 ￥300 元免运费,https://www.amazon.cn/dp/B089QSJ4VH/ref=sr_1_64?dchild=1&keywords=switch&qid=1606145277&sr=8-64
Logicool 罗技 G 游戏头戴式耳机 G633s 黑色 Dolby 7.1ch 降噪 附带麦克风 电脑 PS4 Switch LIGHTSYNC RGB 3.5 毫米 usb,,￥700.39,,,购海外购商品满300元免运费,https://www.amazon.cn/dp/B07NDNZ9JN/ref=sr_1_65?dchild=1&keywords=switch&qid=1606145277&sr=8-65
"nonda USB C 至 USB C 电缆(2 条装) 60W/3A 6.6 英尺(约 2 米),USB Type C PD快速充电线,编织尼龙线,兼容 MacBook Pro 2020,iPad Pro 2020,Samsung Galaxy S20,Switch 和其他 USB C 充电器",,￥71.47,4.2 颗星，最多 5 颗星,45,购海外购商品满 ￥300 元免运费,https://www.amazon.cn/dp/B08GG9R39J/ref=sr_1_66?dchild=1&keywords=switch&qid=1606145277&sr=8-66
Villeroy & Boch 德国唯宝 Switch 3系列 科尔多瓦汤盘 23厘米 瓷 白色/蓝色/绿色,,￥166.21,2.8 颗星，最多 5 颗星,2,购海外购商品满 ￥300 元免运费,https://www.amazon.cn/dp/B0000C8VHB/ref=sr_1_67?dchild=1&keywords=switch&qid=1606145277&sr=8-67
Nintendo Switch 屏幕保护,,￥394.50,,,购海外购商品满300元免运费,https://www.amazon.cn/dp/B076J2VYPS/ref=sr_1_68?dchild=1&keywords=switch&qid=1606145277&sr=8-68
豪华 Donkey Kong 旅行箱，设计用于保护开关的模拟棒，2 个多游戏外壳 - 任天堂开关,2018-04,￥154.67,4.8 颗星，最多 5 颗星,82,,https://www.amazon.cn/dp/B07BYP3X61/ref=sr_1_69?dchild=1&keywords=switch&qid=1606145277&sr=8-69
圣诞老人珐琅金属钥匙圈礼品盒，精美欧洲 Stuff - Let Christmas Come -,,￥44.97,,,,https://www.amazon.cn/dp/B00GXA4PLG/ref=sr_1_70?dchild=1&keywords=switch&qid=1606145277&sr=8-70
CYBER Gadget 陀螺控制器 任天堂游戏手柄 迷你 无线款 switch用 红色,2020-03,￥238.63,4.1 颗星，最多 5 颗星,11,购海外购商品满 ￥300 元免运费,https://www.amazon.cn/dp/B083QB19M1/ref=sr_1_71?dchild=1&keywords=switch&qid=1606145277&sr=8-71
【任天堂ライセンス商品】あつまれどうぶつの森 まるごと収納バッグ for Nintendo Switch / Nintendo Switch Lite【Nintendo Switch/Nintendo Switch Lite対応】,,￥260.40,5.0 颗星，最多 5 颗星,1,购海外购商品满 ￥300 元免运费,https://www.amazon.cn/dp/B08392VDJ2/ref=sr_1_72?dchild=1&keywords=switch&qid=1606145277&sr=8-72
Trendi 艺术现代光面触觉电话插座 + RJ45 Cat 5e & Cat 6 PC插座银色,,￥91.04,,,,https://www.amazon.cn/dp/B00RTSVN0M/ref=sr_1_73?dchild=1&keywords=switch&qid=1606145277&sr=8-73
Nintendo MAXGAMES Nintendo Switch卡套 小型 ZELDA的传说 Breath of the wild,2018-04,￥54.82,,,,https://www.amazon.cn/dp/B079TN5PHT/ref=sr_1_74?dchild=1&keywords=switch&qid=1606145277&sr=8-74
"Retro-bit Official Sega Mega Drive 8-Button 2.4Ghz Wireless Arcade Pad For Mega Drive Mini Console, Sega Mega Drive Console, PC, Switch, macOS, Playstation 3, Steam (Clear Blue)",,￥239.61,,,购海外购商品满 ￥300 元免运费,https://www.amazon.cn/dp/B07YB6PFWY/ref=sr_1_75?dchild=1&keywords=switch&qid=1606145277&sr=8-75
满意 – 新款 SwitchGrip 精英套装，配件兼容任天堂切换开关 – 套装包括：开关握把、精英护套和低调 USB A-C 电缆。 附赠：2 个拇指棒+1 JoyCon 导轨,,￥370.41,4.8 颗星，最多 5 颗星,"1,320",购海外购商品满300元免运费,https://www.amazon.cn/dp/B07G3KB7RT/ref=sr_1_76?dchild=1&keywords=switch&qid=1606145277&sr=8-76
RETRO FIGHTERS / Brawler64 USB Edition / 复古战斗机 USB版 游戏控制器【USB游戏控制器】,2020-09,￥294.35,3.7 颗星，最多 5 颗星,60,购海外购商品满 ￥300 元免运费,https://www.amazon.cn/dp/B082YVH88Q/ref=sr_1_77?dchild=1&keywords=switch&qid=1606145277&sr=8-77
"8Bitdo Pce 2.4G 无线游戏手柄 PC EngineMini,Coregrafx Mini,Turbografx-16Mini 和 Nintendo Switch",2020-07,￥165.02,,,购海外购商品满 ￥300 元免运费,https://www.amazon.cn/dp/B0872R3ZYF/ref=sr_1_78?dchild=1&keywords=switch&qid=1606145277&sr=8-78
【任天堂许可商品】SWITCH用角色 EVA收纳袋 适用于任天堂 SWITCH《角落生物》 - Switch,2020-10,￥191.82,,,购海外购商品满 ￥300 元免运费,https://www.amazon.cn/dp/B08DG58KDF/ref=sr_1_79?dchild=1&keywords=switch&qid=1606145277&sr=8-79
Nintendo 任天堂 Joy-Con 游戏手柄 左右套装，霓虹绿/霓虹粉,2017-07,￥537.21,3.4 颗星，最多 5 颗星,3,购海外购商品满300元免运费,https://www.amazon.cn/dp/B072BZ66JL/ref=sr_1_80?dchild=1&keywords=switch&qid=1606145277&sr=8-80
STARTECH.COM 8 端口机架安装式 USB PS/2 数字 IP KVM 交换机,,"￥5,090.76",,,购海外购商品满300元免运费,https://www.amazon.cn/dp/B000NVIFSA/ref=sr_1_81?dchild=1&keywords=switch&qid=1606145277&sr=8-81
AmazonBasics 亚马逊倍思 Nintendo Switch用收纳盒 硬质外盒 旅行用 30×12×23cm 黑色,,￥281.85,4.7 颗星，最多 5 颗星,"2,484",购海外购商品满 ￥300 元免运费,https://www.amazon.cn/dp/B072C9BVTW/ref=sr_1_82?dchild=1&keywords=switch&qid=1606145277&sr=8-82
"Nintendo 任天堂 Switch Lite 游戏机,5.5 英寸触摸屏,内置加控制垫,黄色,W/ 128GB Micro SD 卡,内置扬声器,3.5 毫米音频插孔",,"￥1,809.67",4.7 颗星，最多 5 颗星,213,购海外购商品满300元免运费,https://www.amazon.cn/dp/B0894C2SXH/ref=sr_1_83?dchild=1&keywords=switch&qid=1606145277&sr=8-83
Nintendo 任天堂 Switch 游戏机 Joy-Con 左右手柄 蓝黄,2019-10,￥472.95,5.0 颗星，最多 5 颗星,1,购海外购商品满300元免运费,https://www.amazon.cn/dp/B07VFTVVWX/ref=sr_1_84?dchild=1&keywords=switch&qid=1606145277&sr=8-84
Overwatch Enhanced Wireless Controller for Nintendo Switch and Nintendo Switch Lite - Reaper,,￥339.75,4.6 颗星，最多 5 颗星,"11,636",购海外购商品满300元免运费,https://www.amazon.cn/dp/B07XFLDWCK/ref=sr_1_85?dchild=1&keywords=switch&qid=1606145277&sr=8-85
任天堂 Nintendo Switch充电支架(自由式),2018-07,￥155.44,3.5 颗星，最多 5 颗星,3,购海外购商品满 ￥300 元免运费,https://www.amazon.cn/dp/B07D4R5GBJ/ref=sr_1_86?dchild=1&keywords=switch&qid=1606145277&sr=8-86
Nintendo 任天堂 Nintendo Switch 底座套装,2017-04,￥577.30,,,购海外购商品满300元免运费,https://www.amazon.cn/dp/B01MY9I0C0/ref=sr_1_87?dchild=1&keywords=switch&qid=1606145277&sr=8-87
Nintendo 任天堂 Switch配件套装（便携包+屏幕保护）-Splatoon 2版,,￥213.45,5.0 颗星，最多 5 颗星,3,购海外购商品满 ￥300 元免运费,https://www.amazon.cn/dp/B071HX31YF/ref=sr_1_88?dchild=1&keywords=switch&qid=1606145277&sr=8-88
Switch 超薄旅行箱 - 马里奥复古版 (NNintendo Switch),,￥110.57,5.0 颗星，最多 5 颗星,1,,https://www.amazon.cn/dp/B07H163S2V/ref=sr_1_89?dchild=1&keywords=switch&qid=1606145277&sr=8-89
"Nintendo 任天堂 Switch Lite 游戏机,灰色,5.5 英寸触摸屏,内置加控制板,W/128GB Micro SD 卡,内置扬声器,3.5 毫米音频插孔",,"￥1,966.20",4.8 颗星，最多 5 颗星,369,购海外购商品满300元免运费,https://www.amazon.cn/dp/B088JW6M94/ref=sr_1_90?dchild=1&keywords=switch&qid=1606145277&sr=8-90
任天堂 SWITCH用角色 EVA收纳袋 适用于任天堂 SWITCH《角落生物》 - Switch,2020-10,￥206.69,,,购海外购商品满 ￥300 元免运费,https://www.amazon.cn/dp/B08DG71LJH/ref=sr_1_91?dchild=1&keywords=switch&qid=1606145277&sr=8-91
TTX Gamecube Wavedash Wireless2.4 Ghz 控制器黑色 适用于 Nintendo Gamecube 带 Wii 控制台（任天堂 Wii）,,￥176.46,3.6 颗星，最多 5 颗星,12,购海外购商品满 ￥300 元免运费,https://www.amazon.cn/dp/B07MZJXC5Y/ref=sr_1_92?dchild=1&keywords=switch&qid=1606145277&sr=8-92
"Nintendo 任天堂 Switch Pro 游戏主机, 黑",,￥468.49,5.0 颗星，最多 5 颗星,7,购海外购商品满300元免运费,https://www.amazon.cn/dp/B01NCX3W3O/ref=sr_1_93?dchild=1&keywords=switch&qid=1606145277&sr=8-93
Nintendo Switch Lite Coral & 偶像梦幻之森 -Switch&【任天堂许可商品】Nintendo Switch Lite* 减震罩 偶像森林&【任天堂许可商品】Nintendo Switch Lite*液晶保护膜 多功能 (【Amazon.co.jp限定】Nintendo Switch LOGO设计 超细纤维布 同包装),2020-05,"￥1,947.65",,,购海外购商品满300元免运费,https://www.amazon.cn/dp/B087R9PWGF/ref=sr_1_94?dchild=1&keywords=switch&qid=1606145277&sr=8-94
面板外壳外壳 + 中间电池框架板支架替换件 适用于 Nintendo Switch Joy-con 控制器,,￥149.14,3.9 颗星，最多 5 颗星,10,购海外购商品满 ￥300 元免运费,https://www.amazon.cn/dp/B07SSWY753/ref=sr_1_95?dchild=1&keywords=switch&qid=1606145277&sr=8-95
【任天堂ライセンス商品】ワイヤレスホリパッド for Nintendo Switch ピカチュウ - COOL 【Nintendo Switch対応】,2020-07,￥390.52,5.0 颗星，最多 5 颗星,1,购海外购商品满300元免运费,https://www.amazon.cn/dp/B08B96XNTZ/ref=sr_1_96?dchild=1&keywords=switch&qid=1606145277&sr=8-96
面板外壳外壳 + 中间电池框架板支架替换件 适用于 Nintendo Switch Joy-con 控制器,,￥149.14,3.9 颗星，最多 5 颗星,10,购海外购商品满 ￥300 元免运费,https://www.amazon.cn/dp/B07SSWY753/ref=sr_1_97?dchild=1&keywords=switch&qid=1606145279&sr=8-97
【任天堂ライセンス商品】ワイヤレスホリパッド for Nintendo Switch ピカチュウ - COOL 【Nintendo Switch対応】,2020-07,￥390.52,5.0 颗星，最多 5 颗星,1,购海外购商品满300元免运费,https://www.amazon.cn/dp/B08B96XNTZ/ref=sr_1_98?dchild=1&keywords=switch&qid=1606145279&sr=8-98
Ninitendo Switch Car Mount TFY 旋转汽车头枕支架，适用于游戏机任天堂切换器和其他 5 到 10.5 英寸手机和平板电脑,,￥232.75,5.0 颗星，最多 5 颗星,1,购海外购商品满 ￥300 元免运费,https://www.amazon.cn/dp/B07T6GXGQ6/ref=sr_1_99?dchild=1&keywords=switch&qid=1606145279&sr=8-99
Super Mario 3D All-Stars - Nintendo Switch,2020-09,￥445.78,,,购海外购商品满300元免运费,https://www.amazon.cn/dp/B08G3MN6KP/ref=sr_1_100?dchild=1&keywords=switch&qid=1606145279&sr=8-100
Nintendo 任天堂 Switch - 收纳盒,,￥142.16,,,,https://www.amazon.cn/dp/B0746THMVT/ref=sr_1_101?dchild=1&keywords=switch&qid=1606145279&sr=8-101
【任天堂ライセンス商品】ゲーミングヘッドセットハイグレード for Nintendo Switch ピカチュウ - COOL 【Nintendo Switch対応】,2020-07,￥365.33,,,购海外购商品满300元免运费,https://www.amazon.cn/dp/B089QY61HM/ref=sr_1_102?dchild=1&keywords=switch&qid=1606145279&sr=8-102
StarTech.com 2 Port DVI VGA Dual Monitor KVM Switch USB with Audio & USB 2.0 Hub - Dual Monitor KVM Switch DVI and VGA,,"￥1,049.52",4.1 颗星，最多 5 颗星,161,购海外购商品满300元免运费,https://www.amazon.cn/dp/B00310EES0/ref=sr_1_103?dchild=1&keywords=switch&qid=1606145279&sr=8-103
控制器适配器 (Switch/PS3/PC) (NNintendo Switch),,￥333.66,,,购海外购商品满300元免运费,https://www.amazon.cn/dp/B07H4JWTVM/ref=sr_1_104?dchild=1&keywords=switch&qid=1606145279&sr=8-104
硅胶模拟拇指抓握棒盖操纵杆盖拇指杆盖适用于任天堂 Switch NS Joy-Con Controller,,￥91.40,4.5 颗星，最多 5 颗星,19,购海外购商品满 ￥300 元免运费,https://www.amazon.cn/dp/B07DJ7Y21Q/ref=sr_1_105?dchild=1&keywords=switch&qid=1606145279&sr=8-105
Nintendo 任天堂 Switch Lite便携包 红豆 动物森林 ~ 暖心爱的图案~(附屏幕保护膜) (Nintendo Switch 标志设计 超细纤维布 捆绑),2020-08,￥219.35,,,购海外购商品满 ￥300 元免运费,https://www.amazon.cn/dp/B08F7VRFGR/ref=sr_1_106?dchild=1&keywords=switch&qid=1606145279&sr=8-106
HORI 任天堂切换铝制手机壳（塞尔达版）任天堂 - 任天堂 Switch 官方*,2018-09,￥200.11,4.6 颗星，最多 5 颗星,6,购海外购商品满 ￥300 元免运费,https://www.amazon.cn/dp/B07FR4CL89/ref=sr_1_107?dchild=1&keywords=switch&qid=1606145279&sr=8-107
PDP 500-100-NA-D1 Nintendo Switch游戏机超级马里奥兄弟 马里奥游戏机有线战斗手柄 Pro控制器,2018-11,￥222.06,4.6 颗星，最多 5 颗星,"2,097",购海外购商品满 ￥300 元免运费,https://www.amazon.cn/dp/B07GX4ZLFJ/ref=sr_1_108?dchild=1&keywords=switch&qid=1606145279&sr=8-108
Nintendo 任天堂 Switch Lite 便携式游戏机 NS掌机 蓝色,,"￥1,546.10",4.4 颗星，最多 5 颗星,17,购海外购商品满300元免运费,https://www.amazon.cn/dp/B07V5JJ4ZD/ref=sr_1_109?dchild=1&keywords=switch&qid=1606145279&sr=8-109
8Bitdo SN30 Pro+ 无线蓝牙游戏手柄 适用于 Nintendo Switch、Windows、macOS、Android、Raspberry Pi (G 版) (Nintendo Switch/),2019-09,￥295.83,,,购海外购商品满 ￥300 元免运费,https://www.amazon.cn/dp/B07TDTXHJP/ref=sr_1_110?dchild=1&keywords=switch&qid=1606145279&sr=8-110
满意 - New SwitchGrip，配件兼容任天堂 Switch - 舒适符合人体工程学的开关手柄，Joy Con & 开关控制。 #1 专为游戏玩家设计的开关配件。 附赠：2 根拇指棒,,￥240.34,4.8 颗星，最多 5 颗星,"3,816",购海外购商品满 ￥300 元免运费,https://www.amazon.cn/dp/B07FNJJG5V/ref=sr_1_111?dchild=1&keywords=switch&qid=1606145279&sr=8-111
ProCase 任天堂 Switch Lite 翻盖手机套，2 件装钢化玻璃屏幕保护膜，超薄保护翻盖手机套，带磁性可拆卸前盖，适用于 Nintendo Switch Lite 2019PC-08362384 珊瑚色,,￥203.38,4.7 颗星，最多 5 颗星,342,购海外购商品满 ￥300 元免运费,https://www.amazon.cn/dp/B08B5Z8T2J/ref=sr_1_112?dchild=1&keywords=switch&qid=1606145279&sr=8-112
任天堂正品：Nintendo Switch Lite翻盖保护套（附屏幕保护膜）原创数字壁纸（PC、智能手机）发送,2020-05,￥275.70,,,购海外购商品满 ￥300 元免运费,https://www.amazon.cn/dp/B08965G4Q7/ref=sr_1_113?dchild=1&keywords=switch&qid=1606145279&sr=8-113
PDP 500-172 Nintendo Switch 豪华旅行包皮卡丘版500-172 - Nintendo Switch,2019-10,￥180.95,4.8 颗星，最多 5 颗星,710,购海外购商品满 ￥300 元免运费,https://www.amazon.cn/dp/B07VC8C9QT/ref=sr_1_114?dchild=1&keywords=switch&qid=1606145279&sr=8-114
AmazonBasics 亚马逊倍思 Nintendo Switch用游戏卡收纳盒 可收纳24张 9×9×3cm 黑色,,￥100.91,4.2 颗星，最多 5 颗星,2,购海外购商品满 ￥300 元免运费,https://www.amazon.cn/dp/B0714MH9TR/ref=sr_1_115?dchild=1&keywords=switch&qid=1606145279&sr=8-115
J&D 兼容 Nintendo Switch Lite 屏幕保护膜，3 支装 [防眩光] [防指纹] [全覆盖] 亚光保护膜屏幕保护膜 适用于 Nintendo Switch Lite 哑光屏幕保护膜,,￥85.90,3.5 颗星，最多 5 颗星,3,购海外购商品满 ￥300 元免运费,https://www.amazon.cn/dp/B07Y97T2PX/ref=sr_1_116?dchild=1&keywords=switch&qid=1606145279&sr=8-116
The Switch: A Novel (English Edition),,￥61.19,4.3 颗星，最多 5 颗星,530,即时可用,https://www.amazon.cn/dp/B081LW6477/ref=sr_1_117?dchild=1&keywords=switch&qid=1606145279&sr=8-117
【任天堂ライセンス商品】マリオカートレーシングホイール for Nintendo Switch【Nintendo Switch対応】,,￥579.59,,,购海外购商品满300元免运费,https://www.amazon.cn/dp/B07YC4TSSH/ref=sr_1_118?dchild=1&keywords=switch&qid=1606145279&sr=8-118
Value 14993223 KVM 转换器 1 用户 16 PC（PS/2 + USB），48.26 厘米（19 英寸）黑色,,"￥2,711.91",,,购海外购商品满300元免运费,https://www.amazon.cn/dp/B00339TMLS/ref=sr_1_119?dchild=1&keywords=switch&qid=1606145279&sr=8-119
Hori 集合吧！动物森友会 主题托特包 适用于Nintendo Switch / Nintendo Switch Lite,,￥163.11,3.0 颗星，最多 5 颗星,1,,https://www.amazon.cn/dp/B0839327B9/ref=sr_1_120?dchild=1&keywords=switch&qid=1606145279&sr=8-120
【任天堂许可商品】铝制壳 for Nintendo Switch【支持Nintendo Switch】,2018-08,￥205.34,2.0 颗星，最多 5 颗星,1,购海外购商品满 ￥300 元免运费,https://www.amazon.cn/dp/B07D8QGDKN/ref=sr_1_121?dchild=1&keywords=switch&qid=1606145279&sr=8-121
Gioteck Wx4 有线银色控制器（SWIC、PS3 和 PC）（任天堂切换器）,,￥131.25,,,,https://www.amazon.cn/dp/B07X6WZCM6/ref=sr_1_122?dchild=1&keywords=switch&qid=1606145279&sr=8-122
POWER A 增强无线控制器 适用于任天堂 Switch - Animal Crossing: K.Slider - Nintendo Switch,2020-02,￥431.25,4.6 颗星，最多 5 颗星,"11,636",购海外购商品满300元免运费,https://www.amazon.cn/dp/B0842W2CTZ/ref=sr_1_123?dchild=1&keywords=switch&qid=1606145279&sr=8-123
Villeroy & Boch Switch 3 装饰茶杯,,￥95.54,4.1 颗星，最多 5 颗星,4,,https://www.amazon.cn/dp/B0000C8VGL/ref=sr_1_124?dchild=1&keywords=switch&qid=1606145279&sr=8-124
任天堂 Nintendo Switch便携包 红豆 动物森林 ~ 香波图案~（附屏幕保护膜） （【Amazon.co.jp限定】Nintendo Switch 标志设计 超细纤维布 捆绑）,2020-08,￥250.25,,,购海外购商品满 ￥300 元免运费,https://www.amazon.cn/dp/B08F7V4DHX/ref=sr_1_125?dchild=1&keywords=switch&qid=1606145279&sr=8-125
Blade Inductrix Switch RC 微型无人机 RTF 3 合 1 (可切换迷你无人机、悬浮机、水上飞机)带 LED 灯、2.4GHz 发射器、电池和 USB 充电器:BLH9800(红色),,￥266.54,4.2 颗星，最多 5 颗星,410,购海外购商品满 ￥300 元免运费,https://www.amazon.cn/dp/B07H4PDD8B/ref=sr_1_126?dchild=1&keywords=switch&qid=1606145279&sr=8-126
ButterFox Grip 手提箱适用于 Hori Nintendo Switch Split Pad Pro 控制器和 ButterFox 可移动手柄,,￥208.73,5.0 颗星，最多 5 颗星,1,购海外购商品满 ￥300 元免运费,https://www.amazon.cn/dp/B0899NBQVV/ref=sr_1_127?dchild=1&keywords=switch&qid=1606145279&sr=8-127
"Joy-Con 游戏手柄 Variation_P, 左右, (L) ネオングリーン/ (R) ネオンピンク, Joy-Conのみ",2017-07,￥534.53,5.0 颗星，最多 5 颗星,1,购海外购商品满300元免运费,https://www.amazon.cn/dp/B0728BF99G/ref=sr_1_128?dchild=1&keywords=switch&qid=1606145279&sr=8-128
DC Shoes 休闲 运动鞋 SWITCH,,￥512.20,,,购海外购商品满300元免运费,https://www.amazon.cn/dp/B081NHFYD1/ref=sr_1_129?dchild=1&keywords=switch&qid=1606145279&sr=8-129
Hori 粉碎兄弟手柄,2018-12,￥198.30,2.0 颗星，最多 5 颗星,1,购海外购商品满 ￥300 元免运费,https://www.amazon.cn/dp/B07HBRYJQV/ref=sr_1_130?dchild=1&keywords=switch&qid=1606145279&sr=8-130
龙珠 孙悟空 超本能一番翔 极限 30cm (任天堂Switch),,￥505.04,,,购海外购商品满300元免运费,https://www.amazon.cn/dp/B07XJF8LZW/ref=sr_1_131?dchild=1&keywords=switch&qid=1606145279&sr=8-131
Under Armour 安德玛 女式 *爱羊毛迷彩徽标,,￥390.83,4.7 颗星，最多 5 颗星,278,购海外购商品满300元免运费,https://www.amazon.cn/dp/B077XMLLC8/ref=sr_1_132?dchild=1&keywords=switch&qid=1606145279&sr=8-132
Speedlink Wield 无线手柄 – Nintendo 任天堂 Switch 无线手柄 ( 人体工程学控制器 – 2米 长充电线 – 集成传感器 用于运动控制的传感器 ) 黑色,2019-11,￥333.36,,,购海外购商品满300元免运费,https://www.amazon.cn/dp/B0821KFX3Y/ref=sr_1_133?dchild=1&keywords=switch&qid=1606145279&sr=8-133
任天堂许可商品硅胶套适用于任天堂Switch Lite,2019-09,￥126.45,,,购海外购商品满 ￥300 元免运费,https://www.amazon.cn/dp/B07VYGL2K4/ref=sr_1_134?dchild=1&keywords=switch&qid=1606145279&sr=8-134
mumba Nintendo Switch保护壳，[Girl Power]用于任天堂Switch控制台的软TPU手柄盒盖，具有减震和防刮擦功能（大理石）,,￥179.82,4.8 颗星，最多 5 颗星,403,购海外购商品满 ￥300 元免运费,https://www.amazon.cn/dp/B07T8GF7JS/ref=sr_1_135?dchild=1&keywords=switch&qid=1606145279&sr=8-135
任天堂 Nintendo Switch Lite翻盖套（附屏幕保护膜）Nintendo Switch 标志设计 超细纤维布 ),2020-05,￥293.46,,,购海外购商品满 ￥300 元免运费,https://www.amazon.cn/dp/B08964ZZRY/ref=sr_1_136?dchild=1&keywords=switch&qid=1606145279&sr=8-136
任天堂手机*主体保护PC保护套『水晶外壳SW (透明) 』 -SWITCH-,2017-03,￥117.98,,,购海外购商品满 ￥300 元免运费,https://www.amazon.cn/dp/B01N5QLC18/ref=sr_1_137?dchild=1&keywords=switch&qid=1606145279&sr=8-137
Controller Gear 任天堂切换皮肤和屏幕保护膜套装 - 口袋妖怪 - “皮卡丘套装1” - 任天堂开关,2019-07,￥167.35,4.7 颗星，最多 5 颗星,"2,313",购海外购商品满 ￥300 元免运费,https://www.amazon.cn/dp/B07T9JWKMN/ref=sr_1_138?dchild=1&keywords=switch&qid=1606145279&sr=8-138
Thermaltake KB-TPX-SSBRUK-01 TT 高级 X1 RGB 樱桃 MX 键盘KB-TPX-SSBRUK-01 Cherry Silver Speed Switch,,"￥1,087.32",,,购海外购商品满300元免运费,https://www.amazon.cn/dp/B07CHNDLG7/ref=sr_1_139?dchild=1&keywords=switch&qid=1606145279&sr=8-139
Nintendo 任天堂 Joy-Con 手柄 左/右 红/蓝,2017-03,￥539.33,5.0 颗星，最多 5 颗星,2,购海外购商品满300元免运费,https://www.amazon.cn/dp/B01NH7L005/ref=sr_1_140?dchild=1&keywords=switch&qid=1606145279&sr=8-140
Fine European Stuff 制造的驼毛搪瓷金属钥匙圈 - Let Christmas Come -,,￥78.38,,,购海外购商品满 ￥300 元免运费,https://www.amazon.cn/dp/B00GXA39EA/ref=sr_1_141?dchild=1&keywords=switch&qid=1606145279&sr=8-141
PowerA 任天堂 Switch Pro 充电底座-马里奥,2018-03,￥502.19,3.6 颗星，最多 5 颗星,35,购海外购商品满300元免运费,https://www.amazon.cn/dp/B075F9KZQL/ref=sr_1_142?dchild=1&keywords=switch&qid=1606145279&sr=8-142
Cisco HWIC-16A 16 端口异步高速 WAN 卡,,"￥12,465.60",5.0 颗星，最多 5 颗星,3,购海外购商品满300元免运费,https://www.amazon.cn/dp/B0009MB4I6/ref=sr_1_143?dchild=1&keywords=switch&qid=1606145279&sr=8-143
HORI Switch 紧凑型游戏架 标准黑色,2017-07,￥89.53,5.0 颗星，最多 5 颗星,2,,https://www.amazon.cn/dp/B01N9RTMWS/ref=sr_1_144?dchild=1&keywords=switch&qid=1606145279&sr=8-144
Cisco HWIC-16A 16 端口异步高速 WAN 卡,,"￥12,465.60",5.0 颗星，最多 5 颗星,3,购海外购商品满300元免运费,https://www.amazon.cn/dp/B0009MB4I6/ref=sr_1_145?dchild=1&keywords=switch&qid=1606145282&sr=8-145
NES 迷你经典控制器延长电缆 3 米 3 米延长线索 适用于任天堂 NES 迷你经典控制器新款 2016 迷你 NES 版本，2 包（电子游戏）,,￥86.09,,,,https://www.amazon.cn/dp/B01N6F90M7/ref=sr_1_146?dchild=1&keywords=switch&qid=1606145282&sr=8-146
Ubiquiti UniFi Switch PRO 48 | 千兆交换机带* 3 层功能和 SFP + (USW-Pro-48),,"￥4,395.32",,,购海外购商品满300元免运费,https://www.amazon.cn/dp/B08HLBZNR5/ref=sr_1_147?dchild=1&keywords=switch&qid=1606145282&sr=8-147
Lip Switch Duo - 棕色湾 - MUA,,￥154.32,,,购海外购商品满 ￥300 元免运费,https://www.amazon.cn/dp/B01G0395JC/ref=sr_1_148?dchild=1&keywords=switch&qid=1606145282&sr=8-148
Nintendo 任天堂 Joy-Con(L)手柄 【任天堂正品】 霓虹紫/(R) 霓虹橙,2019-10,￥518.11,5.0 颗星，最多 5 颗星,1,购海外购商品满300元免运费,https://www.amazon.cn/dp/B07VGPSM7T/ref=sr_1_149?dchild=1&keywords=switch&qid=1606145282&sr=8-149
配件套件与任天堂 Switch Mario Kart Live、OIVO 赛车保护套、赛车支架、赛车头盖、AR 镜头盖,,￥286.80,5.0 颗星，最多 5 颗星,3,购海外购商品满 ￥300 元免运费,https://www.amazon.cn/dp/B08KRZ7XYD/ref=sr_1_150?dchild=1&keywords=switch&qid=1606145282&sr=8-150
PowerA 任天堂 Switch Pro 充电底座-马里奥,2018-03,￥502.19,3.6 颗星，最多 5 颗星,35,购海外购商品满300元免运费,https://www.amazon.cn/dp/B075F9KZQL/ref=sr_1_151?dchild=1&keywords=switch&qid=1606145282&sr=8-151
HORI Switch 紧凑型游戏架 标准黑色,2017-07,￥89.53,5.0 颗星，最多 5 颗星,2,,https://www.amazon.cn/dp/B01N9RTMWS/ref=sr_1_152?dchild=1&keywords=switch&qid=1606145282&sr=8-152
"Logitech G512 机械游戏键盘,GX-Blue Clicky Switches,LIGHTSYNC RGB 照明,USB 循环,铝制外壳,可编程 F 键,德语 QWERTZ 布局,黑色",,￥643.73,,,购海外购商品满300元免运费,https://www.amazon.cn/dp/B07JB68RTK/ref=sr_1_153?dchild=1&keywords=switch&qid=1606145282&sr=8-153
Stealth Case for Nintendo Switch - Super Mario 红色 Protection Case 皮卡丘,2019-09,￥161.39,4.9 颗星，最多 5 颗星,66,购海外购商品满 ￥300 元免运费,https://www.amazon.cn/dp/B07VNB4SZB/ref=sr_1_154?dchild=1&keywords=switch&qid=1606145282&sr=8-154
"Joy-Conストラップ-Variation_P, ネオンブルー",2017-03,￥60.57,,,,https://www.amazon.cn/dp/B01N6RXCFB/ref=sr_1_155?dchild=1&keywords=switch&qid=1606145282&sr=8-155
【任天堂正品】Joy-Con(L) 霓虹蓝 原创数码壁纸(PC・智能手机) 传输,2020-11,￥295.91,5.0 颗星，最多 5 颗星,1,购海外购商品满 ￥300 元免运费,https://www.amazon.cn/dp/B08L532G95/ref=sr_1_156?dchild=1&keywords=switch&qid=1606145282&sr=8-156
Nintendo 任天堂 Switch PowerA Joy Con 舒适手柄，黑色,2017-03,￥65.13,4.7 颗星，最多 5 颗星,"8,330",购海外购商品满 ￥300 元免运费,https://www.amazon.cn/dp/B01MS7YUA7/ref=sr_1_157?dchild=1&keywords=switch&qid=1606145282&sr=8-157
【Nintendo Switch适用】液晶保护膜 for Nintendo Switch,2017-03,￥54.33,5.0 颗星，最多 5 颗星,1,,https://www.amazon.cn/dp/B01N23M9R6/ref=sr_1_158?dchild=1&keywords=switch&qid=1606145282&sr=8-158
HORI Duraflexi保护套 适用于 Nintendo Switch Lite [,,￥97.73,4.8 颗星，最多 5 颗星,"1,646",,https://www.amazon.cn/dp/B07W3QM1YR/ref=sr_1_159?dchild=1&keywords=switch&qid=1606145282&sr=8-159
Hori 任天堂 Switch Lite 超薄结实袋（黑色） - 任天堂 官方* - 任天堂 Switch,2019-09,￥117.80,4.6 颗星，最多 5 颗星,6,,https://www.amazon.cn/dp/B07W5B4QCL/ref=sr_1_160?dchild=1&keywords=switch&qid=1606145282&sr=8-160
Switch转换连接器 -Variation_P 蓝色,2019-08,￥40.80,,,,https://www.amazon.cn/dp/B072KWMZHX/ref=sr_1_161?dchild=1&keywords=switch&qid=1606145282&sr=8-161
Hama 00054698 任天堂开关 屏幕保护膜,,￥188.97,,,,https://www.amazon.cn/dp/B01N6TZ20S/ref=sr_1_162?dchild=1&keywords=switch&qid=1606145282&sr=8-162
任天堂 Switch 游戏机配件 Lite用卡通人物 EVA收纳袋 任天堂 SWITCH Lite《角落生物》 - Switch,2020-10,￥181.12,,,购海外购商品满 ￥300 元免运费,https://www.amazon.cn/dp/B08DG6H44G/ref=sr_1_163?dchild=1&keywords=switch&qid=1606145282&sr=8-163
卡拉OKI麦克风 for Nintendo Switch,2018-07,￥219.16,,,购海外购商品满 ￥300 元免运费,https://www.amazon.cn/dp/B079T2G66S/ref=sr_1_164?dchild=1&keywords=switch&qid=1606145282&sr=8-164
任天堂许可商品TPU半硬壳for Nintendo Switch Lite,2019-09,￥135.27,,,购海外购商品满 ￥300 元免运费,https://www.amazon.cn/dp/B07VWDQ1SY/ref=sr_1_165?dchild=1&keywords=switch&qid=1606145282&sr=8-165
Nintendo 任天堂 Switch PDP (NS - Luigi - EU) Fight Pad Pro 马里奥兄弟有线手柄,2019-05,￥184.37,5.0 颗星，最多 5 颗星,2,购海外购商品满 ￥300 元免运费,https://www.amazon.cn/dp/B07MY23TZL/ref=sr_1_166?dchild=1&keywords=switch&qid=1606145282&sr=8-166
星之卡比 快装袋 for Nintendo Switch-Variation_P 卡比,2018-10,￥130.52,5.0 颗星，最多 5 颗星,2,购海外购商品满 ￥300 元免运费,https://www.amazon.cn/dp/B07G77L52N/ref=sr_1_167?dchild=1&keywords=switch&qid=1606145282&sr=8-167
HORI 任天堂开关模拟帽 马里奥版,2018-06,￥74.37,4.4 颗星，最多 5 颗星,2,,https://www.amazon.cn/dp/B072MR3V1J/ref=sr_1_168?dchild=1&keywords=switch&qid=1606145282&sr=8-168
Thermaltake KB-TPX-SSBRUK-01 TT 高级 X1 RGB 樱桃 MX 键盘KB-TPX-BLBRUK-01 Cherry Blue Switch(English Layout 英语版本 QWERTY布局),,￥755.26,,,购海外购商品满300元免运费,https://www.amazon.cn/dp/B07CHLQFXB/ref=sr_1_169?dchild=1&keywords=switch&qid=1606145282&sr=8-169
Joy-Conストラップ ネオングリーン,,￥60.48,4.6 颗星，最多 5 颗星,71,,https://www.amazon.cn/dp/B072FHHZFK/ref=sr_1_170?dchild=1&keywords=switch&qid=1606145282&sr=8-170
Nintendo 任天堂 便携式手柄控制器 适用于任天堂 Switch 太鼓达人,2018-07,￥474.90,3.0 颗星，最多 5 颗星,2,购海外购商品满300元免运费,https://www.amazon.cn/dp/B07D1H7CW3/ref=sr_1_171?dchild=1&keywords=switch&qid=1606145282&sr=8-171
塞尔达传说： Link Awaking 官方*手机壳，带游戏卡收纳 - Nintendo Switch,2020-01,￥140.69,4.8 颗星，最多 5 颗星,62,购海外购商品满 ￥300 元免运费,https://www.amazon.cn/dp/B07X62TL5B/ref=sr_1_172?dchild=1&keywords=switch&qid=1606145282&sr=8-172
Western Digital Elements USB 3.0 便携式硬盘 黑色 4TB,,￥595.70,4.6 颗星，最多 5 颗星,201,购海外购商品满300元免运费,https://www.amazon.cn/dp/B0713WPGLL/ref=sr_1_173?dchild=1&keywords=switch&qid=1606145282&sr=8-173
JJC 卡套适合 Nintendo Switch 游戏卡和 Micro SD 存储卡MC-NSMSD16/Blue 126 * 81 * 27mm 蓝色,,￥107.37,,,购海外购商品满 ￥300 元免运费,https://www.amazon.cn/dp/B073B3K95R/ref=sr_1_174?dchild=1&keywords=switch&qid=1606145282&sr=8-174
"Joycon 操纵杆替换装,TEKPREM 2 件装*模拟操纵杆替换件,适用于 Nintendo Switch Joycon 控制器和 Switch Lite 带黑色拇指棒盖,三脚架和十字备用螺丝",,￥95.69,,,购海外购商品满 ￥300 元免运费,https://www.amazon.cn/dp/B08MVVJH44/ref=sr_1_175?dchild=1&keywords=switch&qid=1606145282&sr=8-175
StarTech 2 Port USB VGA Cable KVM Switch with Audio (SV215MICUSBA),,￥449.88,,,购海外购商品满300元免运费,https://www.amazon.cn/dp/B007J8ZEZM/ref=sr_1_176?dchild=1&keywords=switch&qid=1606145282&sr=8-176
Nintendo 任天堂 Switch GoPlay 游戏旅行者配件包，随附手机套、手柄支架、清洁布和多种游戏包,2018-03,￥282.75,4.6 颗星，最多 5 颗星,423,购海外购商品满 ￥300 元免运费,https://www.amazon.cn/dp/B07CBGT4BP/ref=sr_1_177?dchild=1&keywords=switch&qid=1606145282&sr=8-177
"The Like Switch: An Ex-FBI Agent's Guide to Influencing, Attracting, and Winning People Over (The Like Switch Series Book 1) (English Edition)",,￥92.10,4.5 颗星，最多 5 颗星,463,即时可用,https://www.amazon.cn/dp/B00IWTWO8C/ref=sr_1_178?dchild=1&keywords=switch&qid=1606145282&sr=8-178
【任天堂ライセンス商品】あつまれどうぶつの森 ショルダーポーチ for Nintendo Switch / Nintendo Switch Lite【Nintendo Switch/Nintendo Switch Lite対応】,,￥206.73,,,购海外购商品满 ￥300 元免运费,https://www.amazon.cn/dp/B08392W5MS/ref=sr_1_179?dchild=1&keywords=switch&qid=1606145282&sr=8-179
"Villeroy & Boch Switch 3卡斯泰伦早餐盘, 从公文包 hartporze llan 蓝色 21 cm",,￥121.42,,,,https://www.amazon.cn/dp/B0002Y14VI/ref=sr_1_180?dchild=1&keywords=switch&qid=1606145282&sr=8-180
任天堂 *产品】手柄控制器 适用于任天堂 Switch 蓝色【适用于任天堂Switch】,2020-11,￥304.35,,,购海外购商品满300元免运费,https://www.amazon.cn/dp/B08K32KW7B/ref=sr_1_181?dchild=1&keywords=switch&qid=1606145282&sr=8-181
Cables to Go 50124 Minicom DXU LP LI for DX Matrix KVM Switch,,"￥9,546.10",,,购海外购商品满300元免运费,https://www.amazon.cn/dp/B000YNTTYQ/ref=sr_1_182?dchild=1&keywords=switch&qid=1606145282&sr=8-182
2 件硅胶模拟拇指棒抓握帽，任天堂 Switch NS Joy Con Controller Sticks Cap 适用于 Joy Con 盖,,￥38.47,3.9 颗星，最多 5 颗星,36,,https://www.amazon.cn/dp/B07D8SWDNV/ref=sr_1_183?dchild=1&keywords=switch&qid=1606145282&sr=8-183
HASBRO GAME NIGHT - SWITCH nv prix,,￥333.92,,,购海外购商品满300元免运费,https://www.amazon.cn/dp/B07HRD8JN9/ref=sr_1_184?dchild=1&keywords=switch&qid=1606145282&sr=8-184
JEU CONSOLE NINTENDO POKEMON EPEE SWITCH,2020-01,￥414.71,,,购海外购商品满300元免运费,https://www.amazon.cn/dp/B07QV7YRT7/ref=sr_1_185?dchild=1&keywords=switch&qid=1606145282&sr=8-185
HORI 任天堂 Switch 皮卡丘 铝合金手机壳（金色）任天堂 & 口袋妖怪官方* - 任天堂 Switch,2018-11,￥188.27,5.0 颗星，最多 5 颗星,3,购海外购商品满 ￥300 元免运费,https://www.amazon.cn/dp/B07HBMKFVY/ref=sr_1_186?dchild=1&keywords=switch&qid=1606145282&sr=8-186
SanDisk microSDXC UHS-I卡，适用于 Nintendo Switch 512 GB - Nintendo 许可产品,,￥857.81,4.9 颗星，最多 5 颗星,"35,477",购海外购商品满300元免运费,https://www.amazon.cn/dp/B08DG7FB61/ref=sr_1_187?dchild=1&keywords=switch&qid=1606145282&sr=8-187
tomtoc 任天堂 Switch 超薄手提箱 Galaxy,,￥228.99,4.9 颗星，最多 5 颗星,98,购海外购商品满 ￥300 元免运费,https://www.amazon.cn/dp/B087P99C8W/ref=sr_1_188?dchild=1&keywords=switch&qid=1606145282&sr=8-188
"ProCase Nintendo Switch 翻盖保护套,带 2 件装钢化玻璃屏幕保护膜,超薄保护翻盖保护套,带磁性可拆卸前盖 适用于 Nintendo Switch 2017 - 黑色",,￥149.93,5.0 颗星，最多 5 颗星,1,购海外购商品满 ￥300 元免运费,https://www.amazon.cn/dp/B08JTJS669/ref=sr_1_189?dchild=1&keywords=switch&qid=1606145282&sr=8-189
"ProCase Nintendo Switch Lite 翻盖保护套,带 2 件装钢化玻璃屏幕保护膜,超薄保护翻盖保护套,带磁性可拆卸前盖 适用于 Nintendo Switch Lite 2019 - 灰色",,￥165.44,4.7 颗星，最多 5 颗星,342,购海外购商品满 ￥300 元免运费,https://www.amazon.cn/dp/B088ZSCK2X/ref=sr_1_190?dchild=1&keywords=switch&qid=1606145282&sr=8-190
Mario Kart Racing Wheel Pro Mini for Nintendo Switch,,￥501.27,5.0 颗星，最多 5 颗星,1,购海外购商品满300元免运费,https://www.amazon.cn/dp/B07YMFYRVQ/ref=sr_1_191?dchild=1&keywords=switch&qid=1606145282&sr=8-191
Nintendo 任天堂Switch的增强无线控制器 - DOOM Eternal （任天堂Switch）,2020-03,￥294.59,4.6 颗星，最多 5 颗星,"11,636",购海外购商品满 ￥300 元免运费,https://www.amazon.cn/dp/B0842WB3Y6/ref=sr_1_192?dchild=1&keywords=switch&qid=1606145282&sr=8-192
"ProCase Nintendo Switch Lite 翻盖保护套,带 2 件装钢化玻璃屏幕保护膜,超薄保护翻盖保护套,带磁性可拆卸前盖 适用于 Nintendo Switch Lite 2019 - 灰色",,￥165.44,4.7 颗星，最多 5 颗星,342,购海外购商品满 ￥300 元免运费,https://www.amazon.cn/dp/B088ZSCK2X/ref=sr_1_193?dchild=1&keywords=switch&qid=1606145284&sr=8-193
HORI 任天堂 Switch 皮卡丘 铝合金手机壳（金色）任天堂 & 口袋妖怪官方* - 任天堂 Switch,2018-11,￥188.27,5.0 颗星，最多 5 颗星,3,购海外购商品满 ￥300 元免运费,https://www.amazon.cn/dp/B07HBMKFVY/ref=sr_1_194?dchild=1&keywords=switch&qid=1606145284&sr=8-194
Mizuno Women's 9-Spike Swift 3 Switch Softball Cleat,,￥814.26,,,购海外购商品满300元免运费,https://www.amazon.cn/dp/B00DIEZ4JM/ref=sr_1_195?dchild=1&keywords=switch&qid=1606145284&sr=8-195
tomtoc 任天堂 Switch 超薄手提箱 Galaxy,,￥228.99,4.9 颗星，最多 5 颗星,98,购海外购商品满 ￥300 元免运费,https://www.amazon.cn/dp/B087P99C8W/ref=sr_1_196?dchild=1&keywords=switch&qid=1606145284&sr=8-196
Pokemon Trainer Pack - Pikachu for Nintendo Switch,,￥218.84,4.6 颗星，最多 5 颗星,6,购海外购商品满 ￥300 元免运费,https://www.amazon.cn/dp/B07WWZZBSQ/ref=sr_1_197?dchild=1&keywords=switch&qid=1606145284&sr=8-197
"ProCase Nintendo Switch 翻盖保护套,带 2 件装钢化玻璃屏幕保护膜,超薄保护翻盖保护套,带磁性可拆卸前盖 适用于 Nintendo Switch 2017 - 黑色",,￥149.93,5.0 颗星，最多 5 颗星,1,购海外购商品满 ￥300 元免运费,https://www.amazon.cn/dp/B08JTJS669/ref=sr_1_198?dchild=1&keywords=switch&qid=1606145284&sr=8-198
"NETGEAR Insight Managed 48-port Gigabit Ethernet Smart Cloud Switch, 2 SFP, 2 SFP+ 10G Fiber ports (GC752X)",,"￥1,880.67",4.9 颗星，最多 5 颗星,10,购海外购商品满300元免运费,https://www.amazon.cn/dp/B07DNJWQWQ/ref=sr_1_199?dchild=1&keywords=switch&qid=1606145284&sr=8-199
Mario Kart Racing Wheel Pro Mini for Nintendo Switch,,￥501.27,5.0 颗星，最多 5 颗星,1,购海外购商品满300元免运费,https://www.amazon.cn/dp/B07YMFYRVQ/ref=sr_1_200?dchild=1&keywords=switch&qid=1606145284&sr=8-200
Oakley 欧克利 OX5119 LIMIT SWITCH 0.5 511904 New Men Eyeglasses,,"￥1,020.88",5.0 颗星，最多 5 颗星,2,购海外购商品满300元免运费,https://www.amazon.cn/dp/B06XSY3Z7Q/ref=sr_1_201?dchild=1&keywords=switch&qid=1606145284&sr=8-201
Nintendo 任天堂Switch的增强无线控制器 - DOOM Eternal （任天堂Switch）,2020-03,￥294.59,4.6 颗星，最多 5 颗星,"11,636",购海外购商品满 ￥300 元免运费,https://www.amazon.cn/dp/B0842WB3Y6/ref=sr_1_202?dchild=1&keywords=switch&qid=1606145284&sr=8-202
Native Union SWITCH Bluetooth Speaker - Retail Packaging 橙色，黄色，柠檬绿和蓝色,,￥911.89,2.9 颗星，最多 5 颗星,43,购海外购商品满300元免运费,https://www.amazon.cn/dp/B00G2J0F44/ref=sr_1_203?dchild=1&keywords=switch&qid=1606145284&sr=8-203
任天堂 官方许可商品 Nintendo Switch 收纳袋收纳盒 Nintendo Switch （红色）EVA袋,2017-03,￥104.77,3.1 颗星，最多 5 颗星,3,,https://www.amazon.cn/dp/B01N3612MY/ref=sr_1_204?dchild=1&keywords=switch&qid=1606145284&sr=8-204
Genki Covert 扩展坞 紧凑型电视扩展坞和充电器 适用于 Nintendo 任天堂 Switch USB-C USB-A 和 HDMI 端口 3 个国际旅行适配器,,￥529.38,,,购海外购商品满300元免运费,https://www.amazon.cn/dp/B08NK24X45/ref=sr_1_205?dchild=1&keywords=switch&qid=1606145284&sr=8-205
Casque Gaming Avec Micro Pour PlayStation 4 - PS4 Slim - PS4 Pro - Xbox One Universal Purple,,￥257.20,,,购海外购商品满 ￥300 元免运费,https://www.amazon.cn/dp/B07JP6SLPT/ref=sr_1_206?dchild=1&keywords=switch&qid=1606145284&sr=8-206
Hori 整箱收纳肩带 适用于Nintendo Switch,2018-08,￥209.24,4.0 颗星，最多 5 颗星,1,购海外购商品满 ￥300 元免运费,https://www.amazon.cn/dp/B07D8M8QNV/ref=sr_1_207?dchild=1&keywords=switch&qid=1606145284&sr=8-207
3CE EYE SWITCH POT,,￥207.72,,,购海外购商品满 ￥300 元免运费,https://www.amazon.cn/dp/B082YBJ4CW/ref=sr_1_208?dchild=1&keywords=switch&qid=1606145284&sr=8-208
PDP 任天堂Switch Mario M 版本,,￥204.21,4.2 颗星，最多 5 颗星,4,购海外购商品满 ￥300 元免运费,https://www.amazon.cn/dp/B01MYABCCJ/ref=sr_1_209?dchild=1&keywords=switch&qid=1606145284&sr=8-209
"snakebyte 通用游戏座椅,斯图尔,赛车椅,适用于长游戏课程 - 蓝* (PS4)",,"￥1,670.14",,,购海外购商品满300元免运费,https://www.amazon.cn/dp/B07D9RQN1G/ref=sr_1_210?dchild=1&keywords=switch&qid=1606145284&sr=8-210
Hori Splatoon 2 Nintendo Switch游戏机套 泼溅贴图,2017-07,￥136.96,4.8 颗星，最多 5 颗星,98,,https://www.amazon.cn/dp/B01A0QEWR0/ref=sr_1_211?dchild=1&keywords=switch&qid=1606145284&sr=8-211
Fly Agaric and Lucky Dude 搪瓷金属钥匙，礼品盒，Fine European Stuff 出品,,￥77.12,,,购海外购商品满 ￥300 元免运费,https://www.amazon.cn/dp/B00F0KTZBU/ref=sr_1_212?dchild=1&keywords=switch&qid=1606145284&sr=8-212
PowerA Nintendo Switch 有线控制器加强版 Chrome Zelda,2018-08,￥219.99,5.0 颗星，最多 5 颗星,2,购海外购商品满 ￥300 元免运费,https://www.amazon.cn/dp/B07DW71R22/ref=sr_1_213?dchild=1&keywords=switch&qid=1606145284&sr=8-213
Logitech Logitech G413 机械游戏键盘920-008530 Italian Layout,,￥667.58,,,购海外购商品满300元免运费,https://www.amazon.cn/dp/B071XW5FW8/ref=sr_1_214?dchild=1&keywords=switch&qid=1606145284&sr=8-214
Fre-TEC / Blade 龙珠超 24游戏壳 Nintendo Switch®游戏软件*收纳盒,2019-07,￥153.91,,,购海外购商品满 ￥300 元免运费,https://www.amazon.cn/dp/B07PCZSDPQ/ref=sr_1_215?dchild=1&keywords=switch&qid=1606145284&sr=8-215
Trendi 艺术现代光面触觉 2 同轴电视插座黑色 ART-2TVSBK,,￥91.04,,,,https://www.amazon.cn/dp/B00OTN37AE/ref=sr_1_216?dchild=1&keywords=switch&qid=1606145284&sr=8-216
"HORI 任天堂 Switch HORIPAD 迷你*马里奥,任天堂官方*",2020-09,￥184.05,4.3 颗星，最多 5 颗星,28,购海外购商品满 ￥300 元免运费,https://www.amazon.cn/dp/B08897HH8D/ref=sr_1_217?dchild=1&keywords=switch&qid=1606145284&sr=8-217
Subsonic 驾驶驾驶驾驶舱适配器 SRC 1000,,"￥3,047.53",,,购海外购商品满300元免运费,https://www.amazon.cn/dp/B01H3BQ9BM/ref=sr_1_218?dchild=1&keywords=switch&qid=1606145284&sr=8-218
2 个硅胶拇指棒帽抓握手柄 模拟摇杆 适用于任天堂 Switch NS Controller Joy-Con/Switch Lite ThumbStick,,￥40.58,3.9 颗星，最多 5 颗星,474,,https://www.amazon.cn/dp/B06XRDHMZZ/ref=sr_1_219?dchild=1&keywords=switch&qid=1606145284&sr=8-219
任天堂Switch（支持Lite）棒配件“额外垫SW（黑色）” - Switch,2017-03,￥72.62,5.0 颗星，最多 5 颗星,2,,https://www.amazon.cn/dp/B01N5QLG2B/ref=sr_1_220?dchild=1&keywords=switch&qid=1606145284&sr=8-220
CYBER 陀螺控制器（SWITCH 用）-Variation_P クリーム × ライトグリーン,2020-07,￥333.20,5.0 颗星，最多 5 颗星,1,购海外购商品满300元免运费,https://www.amazon.cn/dp/B087QH42QV/ref=sr_1_221?dchild=1&keywords=switch&qid=1606145284&sr=8-221
Tomtoc Nintendo Switch 超薄手提包 薄荷蓝,,￥230.77,4.7 颗星，最多 5 颗星,16,购海外购商品满 ￥300 元免运费,https://www.amazon.cn/dp/B088B5PVC2/ref=sr_1_222?dchild=1&keywords=switch&qid=1606145284&sr=8-222
"Edimax 8 Port 10G Web Smart Managed Switch, Supports 802.1Q VLAN, IPv4/IPv6, Auto Fault-Detection for current and voltage (XGS-5008)",,"￥3,361.24",3.7 颗星，最多 5 颗星,2,购海外购商品满300元免运费,https://www.amazon.cn/dp/B0745H63RG/ref=sr_1_223?dchild=1&keywords=switch&qid=1606145284&sr=8-223
CYBER Gadget 陀螺控制器 任天堂游戏手柄 迷你 无线款 switch用 天蓝色/奶油色,2020-04,￥244.35,4.1 颗星，最多 5 颗星,11,购海外购商品满 ￥300 元免运费,https://www.amazon.cn/dp/B085641PXG/ref=sr_1_224?dchild=1&keywords=switch&qid=1606145284&sr=8-224
【Nintendo Switch适用】卡槽12+2 for Nintendo Switch 白色,2017-03,￥59.24,5.0 颗星，最多 5 颗星,1,,https://www.amazon.cn/dp/B01MY9GWJW/ref=sr_1_225?dchild=1&keywords=switch&qid=1606145284&sr=8-225
Logitech Logitech G413 机械游戏键盘920-008476 US INT'L Layout(English Layout 英语版本 QWERTY布局),,￥662.55,,,购海外购商品满300元免运费,https://www.amazon.cn/dp/B06XPGBPS6/ref=sr_1_226?dchild=1&keywords=switch&qid=1606145284&sr=8-226
Hori 超薄硬质收纳包 适用于Nintendo Switch 黑色,2017-03,￥94.78,5.0 颗星，最多 5 颗星,2,,https://www.amazon.cn/dp/B01N125MFU/ref=sr_1_227?dchild=1&keywords=switch&qid=1606145284&sr=8-227
SanDisk 闪迪 用于任天堂Switch的SDSQXAO-128G-GNCZN microSDXC UHS-I卡，128 GB，任天堂许可产品,,￥207.94,5.0 颗星，最多 5 颗星,3,购海外购商品满 ￥300 元免运费,https://www.amazon.cn/dp/B07KXQX3S3/ref=sr_1_228?dchild=1&keywords=switch&qid=1606145284&sr=8-228
CYBER 高级防护罩 分体式 (SWITCH用) - Switch,2018-02,￥104.53,,,,https://www.amazon.cn/dp/B078GY5NNB/ref=sr_1_229?dchild=1&keywords=switch&qid=1606145284&sr=8-229
PDP 任天堂 Switch 发光底座护罩,,￥277.43,,,购海外购商品满 ￥300 元免运费,https://www.amazon.cn/dp/B0862DMVD7/ref=sr_1_230?dchild=1&keywords=switch&qid=1606145284&sr=8-230
Hori 收纳保护袋《集合啦！动物森友会》适用于Nintendo Switch / Nintendo Switch Lite,,￥110.37,,,,https://www.amazon.cn/dp/B083931F8J/ref=sr_1_231?dchild=1&keywords=switch&qid=1606145284&sr=8-231
Controller Gear 正品官方*动物十字架 - Nintendo 氯丁橡胶保护套 - 绗缝色调 - Nintendo Switch,2020-05,￥131.85,4.6 颗星，最多 5 颗星,70,购海外购商品满 ￥300 元免运费,https://www.amazon.cn/dp/B085TP4RZ7/ref=sr_1_232?dchild=1&keywords=switch&qid=1606145284&sr=8-232
Flipping the Switch...: Unleash the Power of Personal Accountability Using the QBQ! (English Edition),,￥56.81,5.0 颗星，最多 5 颗星,1,即时可用,https://www.amazon.cn/dp/B000PC0SIW/ref=sr_1_233?dchild=1&keywords=switch&qid=1606145284&sr=8-233
A05 开关盖 Gray with Grip Case,,￥324.28,4.7 颗星，最多 5 颗星,247,购海外购商品满300元免运费,https://www.amazon.cn/dp/B07KLRMZTJ/ref=sr_1_234?dchild=1&keywords=switch&qid=1606145284&sr=8-234
PowerA Wireless GameCube 风格控制器 适用于 Nintendo Switch - Mario、Nintendo Switch Lite、Gamepad、游戏控制器、GameCube 控制器 - Nintendo Switch,2020-10,￥329.89,4.5 颗星，最多 5 颗星,"3,727",购海外购商品满300元免运费,https://www.amazon.cn/dp/B08GH8JRTV/ref=sr_1_235?dchild=1&keywords=switch&qid=1606145284&sr=8-235
Native Union Switch 立体声蓝牙音箱+移动电源 红色 适用于支持所有含蓝牙功能的电脑、手机、iPad等数码设备。10~15m播放距离,,￥909.73,2.9 颗星，最多 5 颗星,43,购海外购商品满300元免运费,https://www.amazon.cn/dp/B00B19D2CC/ref=sr_1_236?dchild=1&keywords=switch&qid=1606145284&sr=8-236
"Hori Nintendo Switch Split Pad Pro(蓝色)人体工程学控制器,适用于手持模式 - Nintendo 任天堂官方* - Nintendo Switch",2020-09,￥337.37,4.6 颗星，最多 5 颗星,"5,140",购海外购商品满300元免运费,https://www.amazon.cn/dp/B08FJ82W64/ref=sr_1_237?dchild=1&keywords=switch&qid=1606145284&sr=8-237
"Hori Nintendo Switch Split Pad Pro(黑色)人体工程学控制器,适用于手持模式 - 任天堂官方* - 任天堂 Switch",2020-09,￥373.11,4.6 颗星，最多 5 颗星,"5,140",购海外购商品满300元免运费,https://www.amazon.cn/dp/B08FJ7XY3B/ref=sr_1_238?dchild=1&keywords=switch&qid=1606145284&sr=8-238
"eXtremeRate Sakura 粉色八角门棒面板背板手柄套,软触摸 DIY 替换手柄外壳,适用于 Nintendo Switch Pro 控制器 - 不包括控制器",,￥258.55,,,购海外购商品满 ￥300 元免运费,https://www.amazon.cn/dp/B08MFDV4D8/ref=sr_1_239?dchild=1&keywords=switch&qid=1606145284&sr=8-239
"冷却充电底座适用于 Nintendo Switch Pro 控制器和 JoyCons 带冷却风扇,多功能存储机架充电支架,适用于 Nintendo Switch 配件和配件耳机存储",,￥303.56,,,购海外购商品满300元免运费,https://www.amazon.cn/dp/B08L92HHQR/ref=sr_1_240?dchild=1&keywords=switch&qid=1606145284&sr=8-240
"Hori Nintendo Switch Split Pad Pro(蓝色)人体工程学控制器,适用于手持模式 - Nintendo 任天堂官方* - Nintendo Switch",2020-09,￥337.37,4.6 颗星，最多 5 颗星,"5,140",购海外购商品满300元免运费,https://www.amazon.cn/dp/B08FJ82W64/ref=sr_1_241?dchild=1&keywords=switch&qid=1606145286&sr=8-241
"Hori Nintendo Switch Split Pad Pro(黑色)人体工程学控制器,适用于手持模式 - 任天堂官方* - 任天堂 Switch",2020-09,￥373.11,4.6 颗星，最多 5 颗星,"5,140",购海外购商品满300元免运费,https://www.amazon.cn/dp/B08FJ7XY3B/ref=sr_1_242?dchild=1&keywords=switch&qid=1606145286&sr=8-242
"eXtremeRate Sakura 粉色八角门棒面板背板手柄套,软触摸 DIY 替换手柄外壳,适用于 Nintendo Switch Pro 控制器 - 不包括控制器",,￥258.55,,,购海外购商品满 ￥300 元免运费,https://www.amazon.cn/dp/B08MFDV4D8/ref=sr_1_243?dchild=1&keywords=switch&qid=1606145286&sr=8-243
"冷却充电底座适用于 Nintendo Switch Pro 控制器和 JoyCons 带冷却风扇,多功能存储机架充电支架,适用于 Nintendo Switch 配件和配件耳机存储",,￥303.56,,,购海外购商品满300元免运费,https://www.amazon.cn/dp/B08L92HHQR/ref=sr_1_244?dchild=1&keywords=switch&qid=1606145286&sr=8-244
"afontoto 2 件装 Joy Con 替换操纵杆 3D 模拟拇指棒修复套件适用于 NS Switch Joycon 控制器 Joy-Con 控制台,带 4 个 'Y' 螺丝",,￥102.95,,,购海外购商品满 ￥300 元免运费,https://www.amazon.cn/dp/B08GBZ293K/ref=sr_1_245?dchild=1&keywords=switch&qid=1606145286&sr=8-245
ALLONE(ALLONE) Nintendo Switch/Switch lite用 microSD卡 32GB 游戏 高速 UHS 1年保修 照片 图像 捕捉 视频 访问下载软件 保存 备份 日本制造商,2020-07,￥154.17,,,购海外购商品满 ￥300 元免运费,https://www.amazon.cn/dp/B08D3W4HFG/ref=sr_1_246?dchild=1&keywords=switch&qid=1606145286&sr=8-246
"Tomtoc Nintendo Switch 收纳盒,便携盒适合专业控制器和 36 种游戏,硬壳保护套适合旅行和派对的全套配件,黑色",,￥399.18,5.0 颗星，最多 5 颗星,1,购海外购商品满300元免运费,https://www.amazon.cn/dp/B08C7THFC2/ref=sr_1_247?dchild=1&keywords=switch&qid=1606145286&sr=8-247
适用于 Nintendo Switch 配件的收纳架、支架底座与 Nintendo Switch 游戏卡、Joy Cons、Pro 控制器、握把、游戏、控制台,,￥158.25,,,购海外购商品满 ￥300 元免运费,https://www.amazon.cn/dp/B08BLJM74F/ref=sr_1_248?dchild=1&keywords=switch&qid=1606145286&sr=8-248
"适用于 Nintendo Switch 和 Nintendo Switch Lite 的可调节充电底座,便携式稳定充电支架",,￥119.90,4.1 颗星，最多 5 颗星,21,购海外购商品满 ￥300 元免运费,https://www.amazon.cn/dp/B089J1MHG1/ref=sr_1_249?dchild=1&keywords=switch&qid=1606145286&sr=8-249
"Tscope 可爱拇指抓握盖适用于 Nintendo Switch & Lite 控制器,Joy Cons Joystick 可爱猫爪模拟舒适硅胶模拟保护套适用于 Joy-Con NS Consolo 配件(蓝色和*)",,￥109.74,4.6 颗星，最多 5 颗星,65,购海外购商品满 ￥300 元免运费,https://www.amazon.cn/dp/B088DGJ765/ref=sr_1_250?dchild=1&keywords=switch&qid=1606145286&sr=8-250
"H字段黑色 EVA 旅行箱,适用于 Nintendo Switch ,带提手和游戏存储",,￥105.45,4.7 颗星，最多 5 颗星,4,购海外购商品满 ￥300 元免运费,https://www.amazon.cn/dp/B079VVY2HT/ref=sr_1_251?dchild=1&keywords=switch&qid=1606145286&sr=8-251
Mumba Nintendo Switch 手机壳，[Slimfit 系列] 高级纤薄透明混合保护壳，2017 年上市,,￥136.14,4.2 颗星，最多 5 颗星,132,购海外购商品满 ￥300 元免运费,https://www.amazon.cn/dp/B072MDJH6S/ref=sr_1_252?dchild=1&keywords=switch&qid=1606145286&sr=8-252
"Mumba 任天堂 Switch 手机壳,[重型] 超薄橡胶 [扣紧式] 硬质保护套适用于 Nintendo Switch 2017 年发布(蓝色)",,￥98.33,4.7 颗星，最多 5 颗星,"3,914",购海外购商品满 ￥300 元免运费,https://www.amazon.cn/dp/B071ZRM6C1/ref=sr_1_253?dchild=1&keywords=switch&qid=1606145286&sr=8-253
CaseSack 任天堂 Switch Lite 保护壳，定制智能分隔层保护精简版屏幕，切换游戏卡口袋和网状配件袋63031848 Compact Size Black with gray zip,,￥183.99,4.0 颗星，最多 5 颗星,2,购海外购商品满 ￥300 元免运费,https://www.amazon.cn/dp/B07BS7HJZ4/ref=sr_1_254?dchild=1&keywords=switch&qid=1606145286&sr=8-254
PDP Nintendo 开关发光码头罩,2017-11,￥88.89,4.8 颗星，最多 5 颗星,908,购海外购商品满 ￥300 元免运费,https://www.amazon.cn/dp/B073X4RF9Q/ref=sr_1_255?dchild=1&keywords=switch&qid=1606145286&sr=8-255
NETGEAR 16-Port PoE/PoE+ Gigabit Ethernet Unmanaged Switch with 183W PoE Budget (GS116PP),,"￥1,319.75",4.9 颗星，最多 5 颗星,10,购海外购商品满300元免运费,https://www.amazon.cn/dp/B07DNT7JCT/ref=sr_1_256?dchild=1&keywords=switch&qid=1606145286&sr=8-256
"Retro-Bit Official SEGA Saturn 2.4Ghz Wireless Arcade Pad for MEGA DRIVE MINI CONSOLE, Sega Mega Drive Console, PC, Switch, macOS, Playstation 3, Steam, RetroPie, Raspberry Pi (Clear Blue)",,￥253.05,,,购海外购商品满 ￥300 元免运费,https://www.amazon.cn/dp/B07Y5M8R3Y/ref=sr_1_257?dchild=1&keywords=switch&qid=1606145286&sr=8-257
游戏机支架 适用于任天堂 Switch 。,2017-03,￥120.33,5.0 颗星，最多 5 颗星,2,购海外购商品满 ￥300 元免运费,https://www.amazon.cn/dp/B01MY9GW3C/ref=sr_1_258?dchild=1&keywords=switch&qid=1606145286&sr=8-258
Cisco Systems Switch 自动 黑色SG350-28SFP 24-port slot SFP / 4xUplinks,,"￥4,303.46",5.0 颗星，最多 5 颗星,1,购海外购商品满300元免运费,https://www.amazon.cn/dp/B079824PG6/ref=sr_1_259?dchild=1&keywords=switch&qid=1606145286&sr=8-259
Switch Fight Pad Pro Zelda Princesses für Nintendo Switch [,,￥191.83,5.0 颗星，最多 5 颗星,2,购海外购商品满 ￥300 元免运费,https://www.amazon.cn/dp/B07TD4GHWS/ref=sr_1_260?dchild=1&keywords=switch&qid=1606145286&sr=8-260
BV-Tech POE-SW501 BV TECH 10/100Mbps 4 Port & 1 Uplink PoE Switch (Grey),,￥326.65,4.6 颗星，最多 5 颗星,213,购海外购商品满300元免运费,https://www.amazon.cn/dp/B00WKRBI0W/ref=sr_1_261?dchild=1&keywords=switch&qid=1606145286&sr=8-261
adidas 阿迪达斯 Vs Switch 2 Cmf 中性儿童运动鞋,,￥257.29,,,购海外购商品满 ￥300 元免运费,https://www.amazon.cn/dp/B07SL32498/ref=sr_1_262?dchild=1&keywords=switch&qid=1606145286&sr=8-262
Nintendo 任天堂 Switch 游戏机 Joy-Con 左右手柄 紫黄,2019-10,￥474.81,2.5 颗星，最多 5 颗星,3,购海外购商品满300元免运费,https://www.amazon.cn/dp/B07VGY2LWT/ref=sr_1_263?dchild=1&keywords=switch&qid=1606145286&sr=8-263
Razer BlackWidow Elite - 机械游戏键盘RZ03-02622100-R3U1 Yellow Switches - Linear and Silent,,"￥1,015.40",4.7 颗星，最多 5 颗星,"4,346",购海外购商品满300元免运费,https://www.amazon.cn/dp/B07K1VXCDR/ref=sr_1_264?dchild=1&keywords=switch&qid=1606145286&sr=8-264
Hori Joy-Con充电立架 适用于Nintendo Switch,2017-06,￥243.44,5.0 颗星，最多 5 颗星,2,购海外购商品满 ￥300 元免运费,https://www.amazon.cn/dp/B071DP4FVY/ref=sr_1_265?dchild=1&keywords=switch&qid=1606145286&sr=8-265
"Switch Over Bomber 双面夹克(深橄榄色,中号)",,"￥1,310.92",,,购海外购商品满300元免运费,https://www.amazon.cn/dp/B08MDR1WS9/ref=sr_1_266?dchild=1&keywords=switch&qid=1606145286&sr=8-266
"Retro-Bit Official SEGA Mega Drive 8-Button 2.4Ghz Wireless Arcade Pad for MEGA DRIVE MINI CONSOLE, Sega Mega Drive Console, PC, Switch, macOS, Playstation 3, Steam, RetroPie, Raspberry Pi (Black)",,￥247.39,,,购海外购商品满 ￥300 元免运费,https://www.amazon.cn/dp/B07Y5KR44L/ref=sr_1_267?dchild=1&keywords=switch&qid=1606145286&sr=8-267
CYBER Gadget 陀螺控制器 任天堂游戏手柄 迷你 无线款 switch用 红色,2020-03,￥245.48,4.1 颗星，最多 5 颗星,11,购海外购商品满 ￥300 元免运费,https://www.amazon.cn/dp/B083Q9R8TZ/ref=sr_1_268?dchild=1&keywords=switch&qid=1606145286&sr=8-268
搭扣手柄套装 - 适用于 Nintendo Switch，黑色,,￥115.52,,,,https://www.amazon.cn/dp/B084K5LYXR/ref=sr_1_269?dchild=1&keywords=switch&qid=1606145286&sr=8-269
Razer BlackWidow Elite - 机械游戏键盘RZ03-02620200-R3U1 Green Switches - Tactile and Clicky,,￥915.49,4.7 颗星，最多 5 颗星,"4,346",,https://www.amazon.cn/dp/B07FFCN3DJ/ref=sr_1_270?dchild=1&keywords=switch&qid=1606145286&sr=8-270
HORI 任天堂 Switch Poke Ball Tough Pouch 由 Nintendo & Pokemon 官方* - 任天堂 Switch,2018-11,￥181.03,4.6 颗星，最多 5 颗星,6,购海外购商品满 ￥300 元免运费,https://www.amazon.cn/dp/B07HBNJSYX/ref=sr_1_271?dchild=1&keywords=switch&qid=1606145286&sr=8-271
任天堂入门贴用大容量包『多合一包SW』 -SWITCH-,2017-11,￥196.02,,,购海外购商品满 ￥300 元免运费,https://www.amazon.cn/dp/B075DDV457/ref=sr_1_272?dchild=1&keywords=switch&qid=1606145286&sr=8-272
CYBER Gadget 陀螺控制器 任天堂游戏手柄 迷你 无线款 switch用 蓝色/奶油色/天蓝色,2020-04,￥244.45,4.1 颗星，最多 5 颗星,11,购海外购商品满 ￥300 元免运费,https://www.amazon.cn/dp/B08563T2T9/ref=sr_1_273?dchild=1&keywords=switch&qid=1606145286&sr=8-273
Mario卡通8代 豪华游戏手柄 适用于任天堂Switch-Variation_P,2017-08,￥100.99,5.0 颗星，最多 5 颗星,1,,https://www.amazon.cn/dp/B07211XXGB/ref=sr_1_274?dchild=1&keywords=switch&qid=1606145286&sr=8-274
CYBER Gadget 陀螺控制器 任天堂游戏手柄 迷你 无线款 switch用 蓝色,2020-03,￥227.94,4.1 颗星，最多 5 颗星,11,购海外购商品满 ￥300 元免运费,https://www.amazon.cn/dp/B083Q9YQ41/ref=sr_1_275?dchild=1&keywords=switch&qid=1606145286&sr=8-275
Punky Color Mood Switch 热激活暂时*剂,,￥97.52,2.7 颗星，最多 5 颗星,196,购海外购商品满 ￥300 元免运费,https://www.amazon.cn/dp/B07DBFQ6P7/ref=sr_1_276?dchild=1&keywords=switch&qid=1606145286&sr=8-276
SteelSeries 赛睿 Arctis 1 无线游戏耳机 - USB-C 无线 - 可拆卸清晰麦克风 - 适用于 Xbox、PS4、Nintendo Switch、Android (Xbox One),2020-05,￥750.75,,,购海外购商品满300元免运费,https://www.amazon.cn/dp/B08756LHT5/ref=sr_1_277?dchild=1&keywords=switch&qid=1606145286&sr=8-277
CYBER Gadget 陀螺控制器 任天堂游戏手柄 迷你 无线款 switch用 黑色,2020-03,￥251.43,4.1 颗星，最多 5 颗星,11,购海外购商品满 ￥300 元免运费,https://www.amazon.cn/dp/B083Q9YBP1/ref=sr_1_278?dchild=1&keywords=switch&qid=1606145286&sr=8-278
2 件硅胶操纵杆拇指棒握把盖拇指棒盖 适用于任天堂 Switch Lite 控制台 Joy-Con 控制器 Joystisck 拇指抓握,,￥45.53,,,,https://www.amazon.cn/dp/B082157WPM/ref=sr_1_279?dchild=1&keywords=switch&qid=1606145286&sr=8-279
CYBER 陀螺控制器（SWITCH 用）-Variation_P クリーム × ライトブルー,2020-04,￥349.12,5.0 颗星，最多 5 颗星,1,购海外购商品满300元免运费,https://www.amazon.cn/dp/B085643JFN/ref=sr_1_280?dchild=1&keywords=switch&qid=1606145286&sr=8-280
Fine European Stuff 的白色天使珐琅金属钥匙和坠饰礼盒,,￥44.71,,,,https://www.amazon.cn/dp/B00F0KO7Q8/ref=sr_1_281?dchild=1&keywords=switch&qid=1606145286&sr=8-281
"Controller Gear Animal Crossing: New Horizons - Tom Nook 绗缝 - 女士小号背包,女孩可爱迷你书包钱包,Nintendo Switch 控制台和配件 - Nintendo Switch",2020-08,￥272.01,,,购海外购商品满 ￥300 元免运费,https://www.amazon.cn/dp/B08D726KYY/ref=sr_1_282?dchild=1&keywords=switch&qid=1606145286&sr=8-282
Nintendo Amiibo - Young Link (Ssbu) - Switch,2019-04,￥338.84,4.9 颗星，最多 5 颗星,446,购海外购商品满300元免运费,https://www.amazon.cn/dp/B07NQLNB4H/ref=sr_1_283?dchild=1&keywords=switch&qid=1606145286&sr=8-283
MAXGAMES Nintendo Switch收纳盒 EVA 集合吧！动物森友会~,,￥218.38,,,购海外购商品满 ￥300 元免运费,https://www.amazon.cn/dp/B083SKB3WQ/ref=sr_1_284?dchild=1&keywords=switch&qid=1606145286&sr=8-284
Nintendo 任天堂 amiibo杰尼龟 (Nintendo Switch),2019-09,￥158.25,,,购海外购商品满 ￥300 元免运费,https://www.amazon.cn/dp/B07T4HS8FQ/ref=sr_1_285?dchild=1&keywords=switch&qid=1606145286&sr=8-285
Trendi 艺术现代光面触觉 2 同流电视插座白色 ART-2TVSWH,,￥91.04,,,,https://www.amazon.cn/dp/B00OTMZSMA/ref=sr_1_286?dchild=1&keywords=switch&qid=1606145286&sr=8-286
"2021 / 2020 / 2019 游戏腕带,适用于 Nintendo Switch Joy-Con控制器游戏,可调节弹性带,成人和儿童两种尺寸蓝色和红色 2 件装",,￥109.48,,,购海外购商品满 ￥300 元免运费,https://www.amazon.cn/dp/B08JH3JNLP/ref=sr_1_287?dchild=1&keywords=switch&qid=1606145286&sr=8-287
安心的日本制造商 Switch用卡片收纳盒 8+2枚 BK-Variation_P 白色,2019-08,￥39.93,,,,https://www.amazon.cn/dp/B072KVWWYC/ref=sr_1_288?dchild=1&keywords=switch&qid=1606145286&sr=8-288
RDS Industries Nintendo Switch 豪华塞尔达便携盒 收纳盒 高级硬质箱 采用 Koskin 马鞍皮压花 塞尔达旷野之息2 游戏盒 任天堂 Switch,,￥181.37,4.8 颗星，最多 5 颗星,915,购海外购商品满 ￥300 元免运费,https://www.amazon.cn/dp/B07983CJDX/ref=sr_1_289?dchild=1&keywords=switch&qid=1606145288&sr=8-289
Netgear Switch Netgear Switch 8 Port PoE,,￥494.87,5.0 颗星，最多 5 颗星,2,购海外购商品满300元免运费,https://www.amazon.cn/dp/B00M1C03U2/ref=sr_1_290?dchild=1&keywords=switch&qid=1606145288&sr=8-290
Mario Cart Live Home Set Mario套装,2020-10,￥666.83,,,购海外购商品满300元免运费,https://www.amazon.cn/dp/B08HH66S82/ref=sr_1_291?dchild=1&keywords=switch&qid=1606145288&sr=8-291
任天堂 Switch 任天堂*产品：任天堂SwitchLite用卡通人物EVA收纳袋 任天堂Switch,2020-10,￥183.21,,,购海外购商品满 ￥300 元免运费,https://www.amazon.cn/dp/B08DG84418/ref=sr_1_292?dchild=1&keywords=switch&qid=1606145288&sr=8-292
Just Dance 2019 – 抓握带背包 – 符合人体工程学的舒适手柄，任天堂 Switch JoyCon 控制器，蓝色和紫色,2018-10,￥121.80,4.0 颗星，最多 5 颗星,60,购海外购商品满 ￥300 元免运费,https://www.amazon.cn/dp/B07G9J1YWJ/ref=sr_1_293?dchild=1&keywords=switch&qid=1606145288&sr=8-293
Switch (English Edition),,￥52.65,4.7 颗星，最多 5 颗星,112,即时可用,https://www.amazon.cn/dp/B007HU7LUS/ref=sr_1_294?dchild=1&keywords=switch&qid=1606145288&sr=8-294
PowerA 便携斜挎包-塞尔达传说（Nintendo Switch）,,￥263.63,,,购海外购商品满 ￥300 元免运费,https://www.amazon.cn/dp/B07B3YJG8H/ref=sr_1_295?dchild=1&keywords=switch&qid=1606145288&sr=8-295
Switch Pro Controller Super Smash Bros Edition,2018-12,￥132.94,5.0 颗星，最多 5 颗星,1,,https://www.amazon.cn/dp/B07FQDV2V3/ref=sr_1_296?dchild=1&keywords=switch&qid=1606145288&sr=8-296
CYBER ・ 道克防护罩 ( SWITCH 用) 透明 - Switch,2020-04,￥90.02,,,购海外购商品满 ￥300 元免运费,https://www.amazon.cn/dp/B0861LF4MF/ref=sr_1_297?dchild=1&keywords=switch&qid=1606145288&sr=8-297
D-Link DGS-1100-08 8 8 8 端口 Gigabit EasySmart Switch UK 型号,,￥271.31,,,购海外购商品满 ￥300 元免运费,https://www.amazon.cn/dp/B00C8JWWBQ/ref=sr_1_298?dchild=1&keywords=switch&qid=1606145288&sr=8-298
amiibo 2 件装套装 [Blathers/Celeste](动物交叉系列)适用于 Nintendo Switch - Switch Lite -WiiU- 3DS,,￥236.91,5.0 颗星，最多 5 颗星,9,购海外购商品满 ￥300 元免运费,https://www.amazon.cn/dp/B08B1CSFRN/ref=sr_1_299?dchild=1&keywords=switch&qid=1606145288&sr=8-299
改进的无线口袋妖怪控制器适用于任天堂 Switch Chimpep 标准,2020-03,￥353.23,4.6 颗星，最多 5 颗星,"11,636",购海外购商品满300元免运费,https://www.amazon.cn/dp/B082P68Y2N/ref=sr_1_300?dchild=1&keywords=switch&qid=1606145288&sr=8-300
"WBM Himalayan Light #1002 Natural Air Purifying Himalayan Salt Lamp with Neem Wood Base, Bulb and Dimmer switch 需配变压器",,￥230.51,4.5 颗星，最多 5 颗星,"19,833",购海外购商品满 ￥300 元免运费,https://www.amazon.cn/dp/B001892AX2/ref=sr_1_301?dchild=1&keywords=switch&qid=1606145288&sr=8-301
tomtoc 迷你斜挎包，8 英寸小型斜挎包，适用于 iPad Mini 5 4 3 2 1，Galaxy Tab 8.0，Switch Lite 控制台，iPhone，钱包，护照，男士日常单肩包 EDC 包，适合工作，周末,,￥242.91,4.6 颗星，最多 5 颗星,18,购海外购商品满 ￥300 元免运费,https://www.amazon.cn/dp/B07Z3965S4/ref=sr_1_302?dchild=1&keywords=switch&qid=1606145288&sr=8-302
JEU CONSOLE NINTENDO SUPER SMASH BROS ULTIMATE,,￥466.76,,,购海外购商品满300元免运费,https://www.amazon.cn/dp/B07DPQD26J/ref=sr_1_303?dchild=1&keywords=switch&qid=1606145288&sr=8-303
Stealth Case for Nintendo Switch - Super Mario 红色 Protection Case Pikachu Silhouette,2019-09,￥175.45,5.0 颗星，最多 5 颗星,12,购海外购商品满 ￥300 元免运费,https://www.amazon.cn/dp/B07VNB4SBF/ref=sr_1_304?dchild=1&keywords=switch&qid=1606145288&sr=8-304
Switch/智能手机用触摸笔【两用型】蓝色,2019-06,￥84.92,,,购海外购商品满 ￥300 元免运费,https://www.amazon.cn/dp/B07TLW2FJ7/ref=sr_1_305?dchild=1&keywords=switch&qid=1606145288&sr=8-305
Switch 超薄旅行箱 - 塞尔达复古版 (NNintendo Switch),,￥129.13,5.0 颗星，最多 5 颗星,1,购海外购商品满 ￥300 元免运费,https://www.amazon.cn/dp/B07H18PZRK/ref=sr_1_306?dchild=1&keywords=switch&qid=1606145288&sr=8-306
Retro-Bit 官方SEGA Saturn 2.4Ghz无线Arcade Pad手柄，适用于MEGA DRIVE MINI CONSOLE，Sega Mega Drive控制台，PC，Switch，macOS，Playstation 3，Steam，RetroPie，Raspberry Pi（灰白色）,,￥259.06,5.0 颗星，最多 5 颗星,2,购海外购商品满 ￥300 元免运费,https://www.amazon.cn/dp/B07Y5M8R41/ref=sr_1_307?dchild=1&keywords=switch&qid=1606145288&sr=8-307
TRAVIS STRIKES AGAIN：不再有其他英雄 + 季节穿过 - 开关,2020-01,￥313.77,,,购海外购商品满300元免运费,https://www.amazon.cn/dp/B07HQ4P81T/ref=sr_1_308?dchild=1&keywords=switch&qid=1606145288&sr=8-308
Llama Protective Carry and Storage Case (Nintendo Switch),2019-10,￥161.75,4.5 颗星，最多 5 颗星,36,购海外购商品满 ￥300 元免运费,https://www.amazon.cn/dp/B07Y5NKM5R/ref=sr_1_309?dchild=1&keywords=switch&qid=1606145288&sr=8-309
Logitech 罗技 G915 LIGHTSPEED RGB 机械游戏键盘 Clicky GL按键开关 带扁平专业 Clicky Switches (Deutsches Layout),,"￥1,301.76",,,购海外购商品满300元免运费,https://www.amazon.cn/dp/B07W6HMCF8/ref=sr_1_310?dchild=1&keywords=switch&qid=1606145288&sr=8-310
PowerA 隐形保护壳套件，任天堂 Switch Lite - 双色 - 任天堂开关,2019-10,￥190.03,4.8 颗星，最多 5 颗星,"1,335",购海外购商品满 ￥300 元免运费,https://www.amazon.cn/dp/B07W5X3JHD/ref=sr_1_311?dchild=1&keywords=switch&qid=1606145288&sr=8-311
Netgear GS108E-300PES 8x 10/100/1000 Prosafe PLUS Switch Fanless Grau 48 Port,,"￥1,662.32",3.0 颗星，最多 5 颗星,1,购海外购商品满300元免运费,https://www.amazon.cn/dp/B01KJ58ZWA/ref=sr_1_312?dchild=1&keywords=switch&qid=1606145288&sr=8-312
日本制造商 Switch用转换连接器 BK,2019-08,￥42.54,,,,https://www.amazon.cn/dp/B071H3GT5Z/ref=sr_1_313?dchild=1&keywords=switch&qid=1606145288&sr=8-313
Netgear GS108E-300PES 8x 10/100/1000 Prosafe PLUS Switch Fanless 16 Port,,￥518.02,3.0 颗星，最多 5 颗星,1,购海外购商品满300元免运费,https://www.amazon.cn/dp/B00GBULIIG/ref=sr_1_314?dchild=1&keywords=switch&qid=1606145288&sr=8-314
TNP Nintendo Switch Mario 主题旅行箱便携旅行携带硬壳 EVA 材料袋旅行者豪华保护套带手柄适用于开关控制台、Joy Con 控制器、游戏卡夹,,￥101.16,4.5 颗星，最多 5 颗星,44,购海外购商品满 ￥300 元免运费,https://www.amazon.cn/dp/B08CR52ZPC/ref=sr_1_315?dchild=1&keywords=switch&qid=1606145288&sr=8-315
CYBER 高硬度液晶保护玻璃面板 [ 防蓝光+隐私类型 ] ( SWITCH 用) - Switch,2020-09,￥113.14,,,购海外购商品满 ￥300 元免运费,https://www.amazon.cn/dp/B08GG3GYHC/ref=sr_1_316?dchild=1&keywords=switch&qid=1606145288&sr=8-316
Nintendo Switch Car Charger - POW|Officially Licensed|From PowerA (Nintendo Switch),,￥112.38,4.6 颗星，最多 5 颗星,139,购海外购商品满 ￥300 元免运费,https://www.amazon.cn/dp/B075FDG1CV/ref=sr_1_317?dchild=1&keywords=switch&qid=1606145288&sr=8-317
"LeyuSmart 篮球主题拇指手柄盖,适用于 Nintendo Switch & Lite 运动皮肤 JoyCon 保护套,拇指杆的操纵杆盖(4 件装)",,￥93.84,,,购海外购商品满 ￥300 元免运费,https://www.amazon.cn/dp/B08M386267/ref=sr_1_318?dchild=1&keywords=switch&qid=1606145288&sr=8-318
"Switch 电视底座,可替换 Nintendo Switch 扩展坞,可折叠 1080P HDMI 和 USB 3.0 端口",,￥176.99,5.0 颗星，最多 5 颗星,1,购海外购商品满 ￥300 元免运费,https://www.amazon.cn/dp/B08HQRXBV3/ref=sr_1_319?dchild=1&keywords=switch&qid=1606145288&sr=8-319
任天堂 switchLite用主体收纳袋 《Shine Package SW Lite(黄色) - Switch,2020-09,￥114.29,,,,https://www.amazon.cn/dp/B08BJF9LTR/ref=sr_1_320?dchild=1&keywords=switch&qid=1606145288&sr=8-320
"Switch 游戏控制器,EasySMX 无线控制器,适用于 Nintendo Switch/Switch Lite 控制台,游戏远程操纵杆游戏手柄与 Switch PRL 双振动陀螺轴防滑",,￥273.60,4.3 颗星，最多 5 颗星,46,购海外购商品满 ￥300 元免运费,https://www.amazon.cn/dp/B0893DPSX8/ref=sr_1_321?dchild=1&keywords=switch&qid=1606145288&sr=8-321
手提箱兼容任天堂开关，便携式保护硬壳旅行套装储物袋支架，用于开关控制台游戏配件 Switch Lite Case Version C,,￥231.50,5.0 颗星，最多 5 颗星,14,购海外购商品满 ￥300 元免运费,https://www.amazon.cn/dp/B088ZVWBC1/ref=sr_1_322?dchild=1&keywords=switch&qid=1606145288&sr=8-322
BUFFALO 有線LANアダプター LUA4-U3-AGTE-NBK ブラック Giga USB3.0対応 簡易パッケージ 【Nintendo Switch動作確認済み】,,￥105.44,,,购海外购商品满 ￥300 元免运费,https://www.amazon.cn/dp/B07VG66XX3/ref=sr_1_323?dchild=1&keywords=switch&qid=1606145288&sr=8-323
HORI 任天堂 Switch HORIPAD Mini(黑色和金色皮卡丘版) - Nintendo & Pokémon 官方*,2020-11,￥184.71,4.0 颗星，最多 5 颗星,2,购海外购商品满 ￥300 元免运费,https://www.amazon.cn/dp/B08896ZX38/ref=sr_1_324?dchild=1&keywords=switch&qid=1606145288&sr=8-324
Cisco Catalyst 3850 48 端口,,"￥44,470.62",,,购海外购商品满300元免运费,https://www.amazon.cn/dp/B00IN8Q1H2/ref=sr_1_325?dchild=1&keywords=switch&qid=1606145288&sr=8-325
任天堂 开关Lite用液晶屏幕保护膜-Variation_P,2019-09,￥55.52,,,,https://www.amazon.cn/dp/B07VK9HB4G/ref=sr_1_326?dchild=1&keywords=switch&qid=1606145288&sr=8-326
adidas 阿迪达斯 VS Switch 3 C,,￥277.30,,,购海外购商品满 ￥300 元免运费,https://www.amazon.cn/dp/B089QSQQ81/ref=sr_1_327?dchild=1&keywords=switch&qid=1606145288&sr=8-327
RDS Industries 官方* Nintendo Switch 超薄旅行包 带路易吉的豪宅 3 - 任天堂 Switch,2020-07,￥229.10,4.4 颗星，最多 5 颗星,15,购海外购商品满 ￥300 元免运费,https://www.amazon.cn/dp/B07YMMWQ99/ref=sr_1_328?dchild=1&keywords=switch&qid=1606145288&sr=8-328
【任天堂ライセンス商品】ニンテンドースイッチLite用キャラクターEＶAポーチ for ニンテンドーSWITCH Lite『リラックマ(いつでもいっしょ♪リラックマ)』 - Switch,2019-12,￥229.65,3.9 颗星，最多 5 颗星,5,购海外购商品满 ￥300 元免运费,https://www.amazon.cn/dp/B07YKSD8VX/ref=sr_1_329?dchild=1&keywords=switch&qid=1606145288&sr=8-329
PowerA Joy-Con 舒适手柄 适用于 Nintendo Switch - 8 位*马里奥兄弟。,,￥292.67,4.7 颗星，最多 5 颗星,26,购海外购商品满 ￥300 元免运费,https://www.amazon.cn/dp/B07KRLSJXR/ref=sr_1_330?dchild=1&keywords=switch&qid=1606145288&sr=8-330
"Switch Over Bomber 双面夹克(深橄榄色,XL 码)",,"￥1,306.62",,,购海外购商品满300元免运费,https://www.amazon.cn/dp/B08MDRQ97B/ref=sr_1_331?dchild=1&keywords=switch&qid=1606145288&sr=8-331
CYBER 陀螺控制器（SWITCH 用）-Variation_P 白色 × 粉色,2020-07,￥306.46,5.0 颗星，最多 5 颗星,1,购海外购商品满300元免运费,https://www.amazon.cn/dp/B087QGQB3Z/ref=sr_1_332?dchild=1&keywords=switch&qid=1606145288&sr=8-332
【Nintendo Switch适用】紧凑型键盘 for Nintendo Switch,2017-09,￥203.25,,,购海外购商品满 ￥300 元免运费,https://www.amazon.cn/dp/B072JW7G2D/ref=sr_1_333?dchild=1&keywords=switch&qid=1606145288&sr=8-333
Nintendo 任天堂 Switch Lite 屏幕保护膜 9H 钢化玻璃 - 防刮 - 透明 - 包括清洁套装,,￥141.61,,,购海外购商品满 ￥300 元免运费,https://www.amazon.cn/dp/B08BXSHRG3/ref=sr_1_334?dchild=1&keywords=switch&qid=1606145288&sr=8-334
[搭载连射/背面按钮] CYBER 陀螺仪控制器 有线型 ( SWITCH 用) 红色,2018-11,￥233.46,5.0 颗星，最多 5 颗星,1,购海外购商品满 ￥300 元免运费,https://www.amazon.cn/dp/B07GBW4F3B/ref=sr_1_335?dchild=1&keywords=switch&qid=1606145288&sr=8-335
任天堂*商品超薄硬袋适用于任天堂Switch Lite 黑色,2019-09,￥92.34,,,,https://www.amazon.cn/dp/B07VV87FB4/ref=sr_1_336?dchild=1&keywords=switch&qid=1606145288&sr=8-336
Logitech 罗技 G915 LIGHTSPEED RGB 机械游戏键盘 Clicky GL按键开关 带扁平专业 Taktile Switches (Deutsches Layout),,"￥1,251.85",,,购海外购商品满300元免运费,https://www.amazon.cn/dp/B07VZLMQN7/ref=sr_1_337?dchild=1&keywords=switch&qid=1606145290&sr=8-337
【任天堂ライセンス商品】ニンテンドースイッチLite用キャラクターソフトポーチ for ニンテンドーSWITCH Lite『すみっコぐらし(ねこのきょうだいにであいました)』 - Switch,2019-12,￥205.18,5.0 颗星，最多 5 颗星,3,购海外购商品满 ￥300 元免运费,https://www.amazon.cn/dp/B07YKV72HX/ref=sr_1_338?dchild=1&keywords=switch&qid=1606145290&sr=8-338
Netgear Switch Netgear Switch 8 Port PoE,,￥421.81,5.0 颗星，最多 5 颗星,2,购海外购商品满300元免运费,https://www.amazon.cn/dp/B016XIU1HE/ref=sr_1_339?dchild=1&keywords=switch&qid=1606145290&sr=8-339
"eXtremeRate 软触摸天堂蓝色 DIY 替换外壳适用于 Nintendo Switch Lite NSL 手持控制器外壳带屏幕保护膜,定制保护套 Nintendo Switch Lite",,￥324.87,4.7 颗星，最多 5 颗星,78,购海外购商品满300元免运费,https://www.amazon.cn/dp/B08G13W6FH/ref=sr_1_340?dchild=1&keywords=switch&qid=1606145290&sr=8-340
"Feather No.55 Switch-Blade Shear, 5.5 Inch",,￥443.72,4.7 颗星，最多 5 颗星,80,购海外购商品满300元免运费,https://www.amazon.cn/dp/B003NV2UOW/ref=sr_1_341?dchild=1&keywords=switch&qid=1606145290&sr=8-341
【Nintendo Switch対応】貼りやすい液晶保護フィルム ピタ貼り for Nintendo Switch,2017-03,￥66.47,3.9 颗星，最多 5 颗星,2,,https://www.amazon.cn/dp/B01MR780GE/ref=sr_1_342?dchild=1&keywords=switch&qid=1606145290&sr=8-342
CYBER 陀螺控制器（SWITCH 用）-Variation_P ピンク × ホワイト,2020-07,￥304.36,5.0 颗星，最多 5 颗星,1,购海外购商品满300元免运费,https://www.amazon.cn/dp/B087QJ9HZD/ref=sr_1_343?dchild=1&keywords=switch&qid=1606145290&sr=8-343
掌机模式* 十字键手柄（左侧） 适用于任天堂Switch,2018-07,￥210.60,5.0 颗星，最多 5 颗星,1,购海外购商品满 ￥300 元免运费,https://www.amazon.cn/dp/B07BHMF6VJ/ref=sr_1_344?dchild=1&keywords=switch&qid=1606145290&sr=8-344
CYBER ・ 陀螺仪 ( SWITCH 用)-Variation_P 蓝色,2018-11,￥234.90,5.0 颗星，最多 5 颗星,1,购海外购商品满 ￥300 元免运费,https://www.amazon.cn/dp/B07GC8V9NV/ref=sr_1_345?dchild=1&keywords=switch&qid=1606145290&sr=8-345
PowerA 增强型无线手游 用于Nintendo Switch - Mario 人物 (Nintendo Switch),2018-10,￥303.96,4.0 颗星，最多 5 颗星,1,购海外购商品满300元免运费,https://www.amazon.cn/dp/B07GXK8DJX/ref=sr_1_346?dchild=1&keywords=switch&qid=1606145290&sr=8-346
CYBER ・ 陀螺仪 ( SWITCH 用)-Variation_P 黑色,2018-11,￥309.73,5.0 颗星，最多 5 颗星,1,购海外购商品满300元免运费,https://www.amazon.cn/dp/B07GBW5TZ3/ref=sr_1_347?dchild=1&keywords=switch&qid=1606145290&sr=8-347
CYBER ・ 陀螺仪 ( SWITCH 用)-Variation_P 粉色,2018-11,￥233.86,,,购海外购商品满 ￥300 元免运费,https://www.amazon.cn/dp/B07GCDKC8V/ref=sr_1_348?dchild=1&keywords=switch&qid=1606145290&sr=8-348
CYBER ・ 陀螺仪 ( SWITCH 用)-Variation_P 红色,2018-11,￥305.85,5.0 颗星，最多 5 颗星,1,购海外购商品满300元免运费,https://www.amazon.cn/dp/B07GBV5LDL/ref=sr_1_349?dchild=1&keywords=switch&qid=1606145290&sr=8-349
CYBER ・ 陀螺仪 ( SWITCH 用)-Variation_P 黑色,2018-11,￥240.69,,,购海外购商品满 ￥300 元免运费,https://www.amazon.cn/dp/B07GCD2SC2/ref=sr_1_350?dchild=1&keywords=switch&qid=1606145290&sr=8-350
The Queen Luv 蓝色皇冠珐琅金属钥匙，礼品盒包装，Fine European Stuff 出品,,￥78.75,5.0 颗星，最多 5 颗星,1,购海外购商品满 ￥300 元免运费,https://www.amazon.cn/dp/B00F0JTDOA/ref=sr_1_351?dchild=1&keywords=switch&qid=1606145290&sr=8-351
CYBER ・ 陀螺仪 ( SWITCH 用)-Variation_P 蓝色,2018-11,￥339.14,5.0 颗星，最多 5 颗星,1,购海外购商品满300元免运费,https://www.amazon.cn/dp/B07GBV33TV/ref=sr_1_352?dchild=1&keywords=switch&qid=1606145290&sr=8-352
任天堂切换屏幕保护膜玻璃，任天堂切换器钢化玻璃屏幕保护膜 2017 *（2 件装）,,￥97.20,4.8 颗星，最多 5 颗星,"46,954",购海外购商品满 ￥300 元免运费,https://www.amazon.cn/dp/B01N3ASPNV/ref=sr_1_353?dchild=1&keywords=switch&qid=1606145290&sr=8-353
Trendi 艺术现代光面触觉电视 2 流星插座银色 ART-2TVSSI,,￥91.04,,,,https://www.amazon.cn/dp/B00OTMX6XI/ref=sr_1_354?dchild=1&keywords=switch&qid=1606145290&sr=8-354
Razer 雷蛇 Kraken 游戏耳机 2019 - [石英粉]: 轻质铝制框架 - 可伸缩降噪麦克风 - 适用于PC，Xbox，PS4，Nintendo Switch,,￥359.98,4.6 颗星，最多 5 颗星,"12,402",购海外购商品满300元免运费,https://www.amazon.cn/dp/B07QBVWFGC/ref=sr_1_355?dchild=1&keywords=switch&qid=1606145290&sr=8-355
"Witch Switch: Super Special (Katie Kazoo, Switcheroo Book 4) (English Edition)",,￥29.22,5.0 颗星，最多 5 颗星,1,即时可用,https://www.amazon.cn/dp/B004FLKS2U/ref=sr_1_356?dchild=1&keywords=switch&qid=1606145290&sr=8-356
【任天堂许可商品】推纸卡套 6 for Nintendo Switch-Variation_P 霓虹红,2018-08,￥71.32,5.0 颗星，最多 5 颗星,1,,https://www.amazon.cn/dp/B07DLPV394/ref=sr_1_357?dchild=1&keywords=switch&qid=1606145290&sr=8-357
ディズニー&ディズニー/ピクサーキャラクターズ Dream Switch ( ドリームスイッチ ) 専用ソフト2,,￥244.82,,,购海外购商品满 ￥300 元免运费,https://www.amazon.cn/dp/B07KYRVW49/ref=sr_1_358?dchild=1&keywords=switch&qid=1606145290&sr=8-358
任天堂 Nintendo Switch AC 适配器,2017-03,￥254.32,,,购海外购商品满 ￥300 元免运费,https://www.amazon.cn/dp/B01MY9I55F/ref=sr_1_359?dchild=1&keywords=switch&qid=1606145290&sr=8-359
Hori Nintendo 任天堂 Switch Lux Pouch (马里奥版) 由 Nintendo 官方* - 任天堂 Switch,2019-12,￥129.74,4.6 颗星，最多 5 颗星,6,购海外购商品满 ￥300 元免运费,https://www.amazon.cn/dp/B07Y91XTWQ/ref=sr_1_360?dchild=1&keywords=switch&qid=1606145290&sr=8-360
Hori PC Engine Mini Nintendo Switch配件 控制器,2020-03,￥199.01,5.0 颗星，最多 5 颗星,1,购海外购商品满 ￥300 元免运费,https://www.amazon.cn/dp/B07TFW2MYX/ref=sr_1_361?dchild=1&keywords=switch&qid=1606145290&sr=8-361
任天堂 Switch 冒险包（Poke Ball Edition）旅行包 HORI - 任天堂和口袋妖怪官方*,2019-10,￥259.74,4.6 颗星，最多 5 颗星,6,购海外购商品满 ￥300 元免运费,https://www.amazon.cn/dp/B07WSSFV2J/ref=sr_1_362?dchild=1&keywords=switch&qid=1606145290&sr=8-362
【任天堂ライセンス商品】Nintendo Switch専用 スマートポーチEVA  ツムツム,,￥210.28,,,购海外购商品满 ￥300 元免运费,https://www.amazon.cn/dp/B0816GCKNV/ref=sr_1_363?dchild=1&keywords=switch&qid=1606145290&sr=8-363
Hori 任天堂 Switch Lite 超薄结实袋（蓝色） 由 Nintendo 官方* - 任天堂 任天堂 Switch,2019-09,￥115.68,4.6 颗星，最多 5 颗星,6,,https://www.amazon.cn/dp/B07W5B5522/ref=sr_1_364?dchild=1&keywords=switch&qid=1606145290&sr=8-364
Hori Nintendo Switch收纳包,2017-03,￥186.28,4.6 颗星，最多 5 颗星,2,购海外购商品满 ￥300 元免运费,https://www.amazon.cn/dp/B01NBVZ02Q/ref=sr_1_365?dchild=1&keywords=switch&qid=1606145290&sr=8-365
任天堂官方*弹道硬袋，任天堂 Switch,2018-09,￥114.55,4.6 颗星，最多 5 颗星,6,,https://www.amazon.cn/dp/B01AAAGOA4/ref=sr_1_366?dchild=1&keywords=switch&qid=1606145290&sr=8-366
【Nintendo Switch适用】卡槽12+2 for Nintendo Switch 黑色,2017-03,￥58.66,5.0 颗星，最多 5 颗星,1,,https://www.amazon.cn/dp/B01MS8NIVF/ref=sr_1_367?dchild=1&keywords=switch&qid=1606145290&sr=8-367
Villeroy & Boch 开关3圆碗硬瓷，蓝色，21厘米,,￥210.00,,,,https://www.amazon.cn/dp/B07BZPJVQ2/ref=sr_1_368?dchild=1&keywords=switch&qid=1606145290&sr=8-368
Slim Pouch for Nintendo Switch - the Legend of Zelda: Breath of theWild Edition,,￥94.11,4.6 颗星，最多 5 颗星,6,,https://www.amazon.cn/dp/B07WTS3RK9/ref=sr_1_369?dchild=1&keywords=switch&qid=1606145290&sr=8-369
SteelSeries Apex 7 机械游戏键盘64626 OmniPoint Adjustable Switch Apex Pro,,"￥1,319.75",4.0 颗星，最多 5 颗星,1,购海外购商品满300元免运费,https://www.amazon.cn/dp/B07SVJJCP3/ref=sr_1_370?dchild=1&keywords=switch&qid=1606145290&sr=8-370
Logitech 罗技 G915 LIGHTSPEED RGB 机械游戏键盘 Clicky GL按键开关 带扁平专业 Lineare Switches (Deutsches Layout),,"￥1,474.75",,,购海外购商品满300元免运费,https://www.amazon.cn/dp/B07VYGSZLM/ref=sr_1_371?dchild=1&keywords=switch&qid=1606145290&sr=8-371
CYBER ・ 陀螺仪 ( SWITCH 用)-Variation_P 绿色,2018-11,￥307.60,,,购海外购商品满300元免运费,https://www.amazon.cn/dp/B07GCFH11L/ref=sr_1_372?dchild=1&keywords=switch&qid=1606145290&sr=8-372
Nintendo 任天堂 Joy-Con 手柄 左/右 黄色,2017-06,￥967.76,5.0 颗星，最多 5 颗星,2,购海外购商品满300元免运费,https://www.amazon.cn/dp/B06ZZGGZBF/ref=sr_1_373?dchild=1&keywords=switch&qid=1606145290&sr=8-373
CYBER ・ 陀螺仪 ( SWITCH 用)-Variation_P 粉色,2018-11,￥332.27,,,购海外购商品满300元免运费,https://www.amazon.cn/dp/B07GCDZRB9/ref=sr_1_374?dchild=1&keywords=switch&qid=1606145290&sr=8-374
【任天堂ライセンス商品】ゲーミングヘッドセットハイグレード for Nintendo Switch ピカチュウ - POP 【Nintendo Switch対応】,2020-07,￥393.55,,,购海外购商品满300元免运费,https://www.amazon.cn/dp/B089QX7S4B/ref=sr_1_375?dchild=1&keywords=switch&qid=1606145290&sr=8-375
"Fintie 便携包 适用于 Nintendo Switch Lite 2019 - [防震] 硬壳保护套包,配有 15 张游戏卡/2 个 Micro SD 卡插槽,Switch Lite 控制台内袋,海洋蓝",,￥152.24,5.0 颗星，最多 5 颗星,2,购海外购商品满 ￥300 元免运费,https://www.amazon.cn/dp/B08MBQ87NJ/ref=sr_1_376?dchild=1&keywords=switch&qid=1606145290&sr=8-376
2020 NexiGo Switch Dock 适用于 Nintendo Switch 的便携式充电站底座 适用于 Nintendo Switch 带 Type C 电源输入的紧凑型开关到 HDMI 适配器带 USB 3.0 端口适用于 Nintendo Switch,,￥189.99,4.9 颗星，最多 5 颗星,11,购海外购商品满 ￥300 元免运费,https://www.amazon.cn/dp/B08DP1V7RB/ref=sr_1_377?dchild=1&keywords=switch&qid=1606145290&sr=8-377
冒险游戏 - Nintendo Switch LITE 乙烯基皮肤和屏幕保护膜套装 - 精灵球 - Nintendo Switch LITE,,￥153.16,,,购海外购商品满 ￥300 元免运费,https://www.amazon.cn/dp/B08CY5VQ2V/ref=sr_1_378?dchild=1&keywords=switch&qid=1606145290&sr=8-378
PowerA 任天堂 Switch Joy Con和Pro控制器的充电站-任天堂许可,,￥295.64,4.4 颗星，最多 5 颗星,"1,349",购海外购商品满 ￥300 元免运费,https://www.amazon.cn/dp/B075FF6HDN/ref=sr_1_379?dchild=1&keywords=switch&qid=1606145290&sr=8-379
"Vdopro 保护套适用于Nintendo Switch 和 4 件套拇指手柄套,适用于操纵杆,硬质超薄保护套适用于Nintendo Switch 控制台和 Joy-Con 控制器防刮(粉色和樱花)",,￥171.15,4.4 颗星，最多 5 颗星,4,购海外购商品满 ￥300 元免运费,https://www.amazon.cn/dp/B08CL382FR/ref=sr_1_380?dchild=1&keywords=switch&qid=1606145290&sr=8-380
鹅颈平板电脑支架手机支架，灵活臂 360 安装夹可调节支架夹支架，兼容 iPad、iPhone、Nintendo Switch、Samsung Galaxy Tabs、亚马逊 Kindle Fire HD（白色）,,￥170.06,3.9 颗星，最多 5 颗星,58,购海外购商品满 ￥300 元免运费,https://www.amazon.cn/dp/B08B8BCMFT/ref=sr_1_381?dchild=1&keywords=switch&qid=1606145290&sr=8-381
Controller Gear Authentic & 官方*动物十字架：New Horizons - “K.Quilted” Nintendo Switch Skin Bundle - Nintendo Switch M. Outdoor Pattern & It Takes a Village Decal Bundle,2020-05,￥230.31,4.8 颗星，最多 5 颗星,"1,802",购海外购商品满 ￥300 元免运费,https://www.amazon.cn/dp/B0882M572Q/ref=sr_1_382?dchild=1&keywords=switch&qid=1606145290&sr=8-382
CYBER Gadget 陀螺控制器 任天堂游戏手柄 迷你 无线款 2个装 switch用 黑色,2019-11,￥356.23,4.1 颗星，最多 5 颗星,11,购海外购商品满300元免运费,https://www.amazon.cn/dp/B07XP8ZHBX/ref=sr_1_383?dchild=1&keywords=switch&qid=1606145290&sr=8-383
ALLONE(ALLONE) Nintendo Switch Lite用EVA彩色收纳袋 #Unipo 时尚 可爱 耐冲击 EVA 轻便 口袋 薄荷色,2019-01,￥161.22,,,购海外购商品满 ￥300 元免运费,https://www.amazon.cn/dp/B087FHK5K8/ref=sr_1_384?dchild=1&keywords=switch&qid=1606145290&sr=8-384
冒险游戏 - 伞 Corp - 高级游戏卡套 - Nintendo Switch,,￥112.98,3.1 颗星，最多 5 颗星,2,购海外购商品满 ￥300 元免运费,https://www.amazon.cn/dp/B085X646NN/ref=sr_1_385?dchild=1&keywords=switch&qid=1606145293&sr=8-385
任天堂 *产品 手柄控制器 适用于任天堂 Switch 红色,2020-11,￥309.50,,,购海外购商品满300元免运费,https://www.amazon.cn/dp/B08K3C5JHL/ref=sr_1_386?dchild=1&keywords=switch&qid=1606145293&sr=8-386
Switch Lite用 超轻便收纳袋 黑色,2019-09,￥113.17,,,购海外购商品满 ￥300 元免运费,https://www.amazon.cn/dp/B07Y3BWYN5/ref=sr_1_387?dchild=1&keywords=switch&qid=1606145293&sr=8-387
DC 男士 Switch 滑板滑板鞋,,￥447.39,,,购海外购商品满300元免运费,https://www.amazon.cn/dp/B081SJV3Z1/ref=sr_1_388?dchild=1&keywords=switch&qid=1606145293&sr=8-388
Nintendo 任天堂 Switch Lite 用液晶保护膜 光泽型 透明 可重新粘贴 防止划伤 零气泡 日本制造商,2019-09,￥42.33,,,,https://www.amazon.cn/dp/B07WSQ79PH/ref=sr_1_389?dchild=1&keywords=switch&qid=1606145293&sr=8-389
"Switch Over Bomber 双面夹克(黑色,XXL 码)",,￥857.81,,,购海外购商品满300元免运费,https://www.amazon.cn/dp/B08MDR6D3S/ref=sr_1_390?dchild=1&keywords=switch&qid=1606145293&sr=8-390
2 件硅胶模拟拇指棒抓握帽，任天堂 Switch NS Joy Con Controller Sticks Cap 适用于 Joy Con 盖,,￥38.47,3.9 颗星，最多 5 颗星,36,,https://www.amazon.cn/dp/B07D8RC8L1/ref=sr_1_391?dchild=1&keywords=switch&qid=1606145293&sr=8-391
PowerA 增强型有线控制器 适用于 Nintendo Switch – 皮卡丘闪电、游戏手柄、有线视频游戏控制器、游戏控制器,,￥227.63,4.6 颗星，最多 5 颗星,72,购海外购商品满 ￥300 元免运费,https://www.amazon.cn/dp/B08F44S3M5/ref=sr_1_392?dchild=1&keywords=switch&qid=1606145293&sr=8-392
控制器装备正品 & 官方*口袋妖怪 - 皮卡丘轮廓套装 2 - 任天堂 Switch 皮肤 & 屏幕保护膜 套装 - 任天堂 Switch,2020-07,￥174.48,,,购海外购商品满 ￥300 元免运费,https://www.amazon.cn/dp/B08DV1TTRS/ref=sr_1_393?dchild=1&keywords=switch&qid=1606145293&sr=8-393
Penna 蓝牙键盘白色钻石形状钥匙扣（美国） Switch-Cherry Mx Blue,,"￥1,450.21",3.7 颗星，最多 5 颗星,38,购海外购商品满300元免运费,https://www.amazon.cn/dp/B07BZLMG3L/ref=sr_1_394?dchild=1&keywords=switch&qid=1606145293&sr=8-394
RDS Industries Traveler 豪华旅行箱 - 任天堂 Switch,2020-01,￥229.63,4.6 颗星，最多 5 颗星,7,购海外购商品满 ￥300 元免运费,https://www.amazon.cn/dp/B07T2HFNHG/ref=sr_1_395?dchild=1&keywords=switch&qid=1606145293&sr=8-395
手柄 X2 适用于 Joy-Con Nintendo 任天堂 Switch 符合人体工程学，黑色，2 件,,￥221.69,,,购海外购商品满 ￥300 元免运费,https://www.amazon.cn/dp/B07ZV88VJM/ref=sr_1_396?dchild=1&keywords=switch&qid=1606145293&sr=8-396
Controller Gear 官方许可 Nintendo Switch 皮肤和屏幕保护膜套装 - 塞尔达传说 - 金色墨盒 - Nintendo Switch,2018-09,￥158.58,4.8 颗星，最多 5 颗星,192,购海外购商品满 ￥300 元免运费,https://www.amazon.cn/dp/B07H4MQ212/ref=sr_1_397?dchild=1&keywords=switch&qid=1606145293&sr=8-397
JEU CONSOLE NINTENDO SPLATOON 2 N.SWITCH,,￥427.61,,,购海外购商品满300元免运费,https://www.amazon.cn/dp/B0718Y2ZK4/ref=sr_1_398?dchild=1&keywords=switch&qid=1606145293&sr=8-398
Pokémon 宝可梦 剑和盾牌 任天堂 Switch 外壳 [,2019-11,￥159.96,4.8 颗星，最多 5 颗星,76,购海外购商品满 ￥300 元免运费,https://www.amazon.cn/dp/B01ASNE9E6/ref=sr_1_399?dchild=1&keywords=switch&qid=1606145293&sr=8-399
D-Link 16 Port Gigabit Unmanaged Switch (DGS-1016D) 16-Port 16-Port Fast Ethernet,,￥335.70,4.0 颗星，最多 5 颗星,70,购海外购商品满300元免运费,https://www.amazon.cn/dp/B00004SYO5/ref=sr_1_400?dchild=1&keywords=switch&qid=1606145293&sr=8-400
Joystick-Caps 拇指握把盖适用于 Nintendo Switch Lite - 硅胶盖可爱猫爪设计拇指垫适用于 Joy-Con控制器,,￥88.23,,,购海外购商品满 ￥300 元免运费,https://www.amazon.cn/dp/B089QVXH9J/ref=sr_1_401?dchild=1&keywords=switch&qid=1606145293&sr=8-401
Switch Blade 黑色银色调 5.25 英寸(约 13.3 厘米)金属和亚克力胡须梳,,￥186.29,,,购海外购商品满 ￥300 元免运费,https://www.amazon.cn/dp/B08G5D2C5C/ref=sr_1_402?dchild=1&keywords=switch&qid=1606145293&sr=8-402
Nintendo 任天堂 Switch 保护壳：带存储空间的 Switch Nintendo-功能开关保护壳，超薄，时尚，多色 Panda LLC （黑色） 银色,,￥212.62,2.0 颗星，最多 5 颗星,1,购海外购商品满 ￥300 元免运费,https://www.amazon.cn/dp/B071R94RRS/ref=sr_1_403?dchild=1&keywords=switch&qid=1606145293&sr=8-403
HORI Compact Stand - Mario Edition 任天堂 Switch,2018-06,￥94.57,5.0 颗星，最多 5 颗星,2,,https://www.amazon.cn/dp/B01A9UATHO/ref=sr_1_404?dchild=1&keywords=switch&qid=1606145293&sr=8-404
"Fintie 任天堂开关便携包 - [防震] 硬壳保护盖旅行包,带 10 个游戏卡槽,内袋适用于 Nintendo Switch 控制台 Joy-Con 和配件,请勿触摸",,￥163.86,4.8 颗星，最多 5 颗星,96,购海外购商品满 ￥300 元免运费,https://www.amazon.cn/dp/B086YNSX2P/ref=sr_1_405?dchild=1&keywords=switch&qid=1606145293&sr=8-405
PowerA 增强型无线手游 用于Nintendo Switch-黑色,2018-10,￥306.34,4.0 颗星，最多 5 颗星,1,购海外购商品满300元免运费,https://www.amazon.cn/dp/B07GVY1WXF/ref=sr_1_406?dchild=1&keywords=switch&qid=1606145293&sr=8-406
Tomtoc Nintendo Switch 超薄手提包 *,,￥187.48,4.8 颗星，最多 5 颗星,"3,045",购海外购商品满 ￥300 元免运费,https://www.amazon.cn/dp/B0874NPC82/ref=sr_1_407?dchild=1&keywords=switch&qid=1606145293&sr=8-407
HORI 马里奥赛车轮 Pro Deluxe Nintendo Switch,2019-11,￥768.99,5.0 颗星，最多 5 颗星,1,购海外购商品满300元免运费,https://www.amazon.cn/dp/B01C6XAO7M/ref=sr_1_408?dchild=1&keywords=switch&qid=1606145293&sr=8-408
TP-LINK Desktop Gigabit Steel Cased Switch TP-LINK Desktop Gigabit Steel Cased Switch 黑色 24-Port Gigabit,,￥650.56,4.7 颗星，最多 5 颗星,10,购海外购商品满300元免运费,https://www.amazon.cn/dp/B00CUG8ESM/ref=sr_1_409?dchild=1&keywords=switch&qid=1606145293&sr=8-409
【任天堂ライセンス商品】マイクロSDカード256GB for Nintendo Switch【Nintendo Switch対応】,,￥988.42,2.5 颗星，最多 5 颗星,6,购海外购商品满300元免运费,https://www.amazon.cn/dp/B07BJWFNY2/ref=sr_1_410?dchild=1&keywords=switch&qid=1606145293&sr=8-410
SteelSeries 赛睿 Arctis 1 - 全平台兼容性 - 适用于 PS4、PS5、PC、Xbox、Nintendo Switch & Lite、Mobile - 可拆卸清晰麦克风 (PS4),2020-06,￥460.98,,,购海外购商品满300元免运费,https://www.amazon.cn/dp/B07YF1SB9Q/ref=sr_1_411?dchild=1&keywords=switch&qid=1606145293&sr=8-411
Pokanic Switch 手柄 2 只装 兼容任天堂 Switch Grips Joy-Con，专业控制器，支架，衬垫，耐磨手柄套件，刮擦费用，防滑配件,,￥96.20,4.3 颗星，最多 5 颗星,51,购海外购商品满 ￥300 元免运费,https://www.amazon.cn/dp/B07SRWJSZ7/ref=sr_1_412?dchild=1&keywords=switch&qid=1606145293&sr=8-412
5 件彩色吃豆人设计升华 PBT 键帽适用于樱桃 Mx Switch 机械游戏键盘樱桃轮廓 R4 ESC 键帽,,￥204.97,3.0 颗星，最多 5 颗星,1,购海外购商品满 ￥300 元免运费,https://www.amazon.cn/dp/B08CDMWHTS/ref=sr_1_413?dchild=1&keywords=switch&qid=1606145293&sr=8-413
Nintendo 任天堂 Switch 电源,,￥216.04,,,购海外购商品满 ￥300 元免运费,https://www.amazon.cn/dp/B01N10NX3M/ref=sr_1_414?dchild=1&keywords=switch&qid=1606145293&sr=8-414
tomtoc 任天堂 Switch 超薄手提箱 珊瑚色,,￥183.26,4.8 颗星，最多 5 颗星,"3,045",购海外购商品满 ￥300 元免运费,https://www.amazon.cn/dp/B0874MCWZY/ref=sr_1_415?dchild=1&keywords=switch&qid=1606145293&sr=8-415
【适用Nintendo Switch】硅胶套组 for Nintendo Switch,2017-10,￥153.82,5.0 颗星，最多 5 颗星,1,购海外购商品满 ￥300 元免运费,https://www.amazon.cn/dp/B073974V5Q/ref=sr_1_416?dchild=1&keywords=switch&qid=1606145293&sr=8-416
Miss Switch Online (English Edition),,￥46.02,5.0 颗星，最多 5 颗星,6,即时可用,https://www.amazon.cn/dp/B0031OQ0JW/ref=sr_1_417?dchild=1&keywords=switch&qid=1606145293&sr=8-417
HORI 任天堂 Switch 迷你战斗棒（任天堂切换）,2019-04,￥329.89,4.0 颗星，最多 5 颗星,2,购海外购商品满300元免运费,https://www.amazon.cn/dp/B01AJSAAV6/ref=sr_1_418?dchild=1&keywords=switch&qid=1606145293&sr=8-418
女式钱包粉色带红色心形铸模金属钥匙链礼品盒 Fine European Stuff 制造,,￥91.67,,,购海外购商品满 ￥300 元免运费,https://www.amazon.cn/dp/B00E9VK506/ref=sr_1_419?dchild=1&keywords=switch&qid=1606145293&sr=8-419
Trendi 艺术现代光面触感 2 同流电话插座银色 ART-2TLPSI,,￥91.04,,,,https://www.amazon.cn/dp/B00DPUASQS/ref=sr_1_420?dchild=1&keywords=switch&qid=1606145293&sr=8-420
Nintendo 任天堂 Switch PDP Pro 音速有线战斗板游戏手柄，500-100-NA-D6-Nintendo Switch,2019-08,￥130.33,4.6 颗星，最多 5 颗星,"2,097",购海外购商品满 ￥300 元免运费,https://www.amazon.cn/dp/B07TXTRYZ7/ref=sr_1_421?dchild=1&keywords=switch&qid=1606145293&sr=8-421
"IOGEAR 2 Port VGA KVM Switch, PS2 and USB/2 Computer(s) - 1 Local User(s) - 2048 x 1536-2 x PS/2 Port - 2 x USB1 x VGA/GCS1722/",,￥362.65,4.4 颗星，最多 5 颗星,46,购海外购商品满300元免运费,https://www.amazon.cn/dp/B00H9KUOAK/ref=sr_1_422?dchild=1&keywords=switch&qid=1606145293&sr=8-422
Retro-Bit 官方 Sega Genesis USB 控制器 8 键街机垫 适用于 Sega Genesis Mini、Switch、PC、Mac、Steam、RetroPie、Raspberry Pi - USB 端口 - 黑色,,￥151.98,4.8 颗星，最多 5 颗星,723,,https://www.amazon.cn/dp/B07P37ZGTF/ref=sr_1_423?dchild=1&keywords=switch&qid=1606145293&sr=8-423
StarTech.com 2 Port High Resolution USB DVI Dual Link KVM Switch with Audio,,"￥1,183.35",3.6 颗星，最多 5 颗星,54,购海外购商品满300元免运费,https://www.amazon.cn/dp/B004NNYILM/ref=sr_1_424?dchild=1&keywords=switch&qid=1606145293&sr=8-424
任天堂切换有线控制器 Wireless Nintendo Switch Controller Pikachu Gold,2019-10,￥306.70,5.0 颗星，最多 5 颗星,2,购海外购商品满300元免运费,https://www.amazon.cn/dp/B07VNGY6MC/ref=sr_1_425?dchild=1&keywords=switch&qid=1606145293&sr=8-425
"USB C 延长线 6.6 英尺(约 2.0 米)[100 W,20 Gbps],iVANKY USB-C 3.1 Gen 2 公对母 4K 视频线,兼容 Thunderbolt 3 MacBook Pro/Air,iPad Pro 2020,三星,任天堂 Switch 等",,￥197.31,4.4 颗星，最多 5 颗星,107,购海外购商品满 ￥300 元免运费,https://www.amazon.cn/dp/B089QHSZW2/ref=sr_1_426?dchild=1&keywords=switch&qid=1606145293&sr=8-426
【Nintendo Switch対応】貼りやすいブルーライトカットフィルム ピタ貼り for Nintendo Switch,2017-03,￥71.01,5.0 颗星，最多 5 颗星,1,,https://www.amazon.cn/dp/B01NCXEL9A/ref=sr_1_427?dchild=1&keywords=switch&qid=1606145293&sr=8-427
JEU CONSOLE NINTENDO SUPER MARIO MAKER 2 开关,2020-01,￥389.96,,,购海外购商品满300元免运费,https://www.amazon.cn/dp/B07R488X78/ref=sr_1_428?dchild=1&keywords=switch&qid=1606145293&sr=8-428
Nintendo 任天堂 Joy-Con充电手柄 日亚限定 原创数码壁纸(PC・手机),2018-12,￥188.23,,,购海外购商品满 ￥300 元免运费,https://www.amazon.cn/dp/B07LCKCHHK/ref=sr_1_429?dchild=1&keywords=switch&qid=1606145293&sr=8-429
【Nintendo Switch适用】超薄硬包 for Nintendo Switch-Variation_P 蓝色,2017-03,￥93.39,5.0 颗星，最多 5 颗星,2,,https://www.amazon.cn/dp/B01N9SXBBD/ref=sr_1_430?dchild=1&keywords=switch&qid=1606145293&sr=8-430
"Dockable Switch 保护套适用于Nintendo Switch Joy-Con 控制器,带玻璃屏幕保护膜,防刮减震握把套 - 粉色",,￥138.25,,,购海外购商品满 ￥300 元免运费,https://www.amazon.cn/dp/B08MXBWWH1/ref=sr_1_431?dchild=1&keywords=switch&qid=1606145293&sr=8-431
"QNAP QSW-M408-2C 10GbE 托管交换机,带 2 端口 10GbE SFP+/RJ45 组合,2 端口 10GbE SFP+,2 端口 10GbE Base-T (RJ45) 和 8 端口千兆",,"￥1,602.98",4.7 颗星，最多 5 颗星,23,购海外购商品满300元免运费,https://www.amazon.cn/dp/B08DKBVJP3/ref=sr_1_432?dchild=1&keywords=switch&qid=1606145293&sr=8-432
"Adventure Games - 马里奥,波浪 - 高级游戏卡套 - 兼容 Nintendo Switch",,￥109.81,5.0 颗星，最多 5 颗星,4,购海外购商品满 ￥300 元免运费,https://www.amazon.cn/dp/B08HY75SVS/ref=sr_1_433?dchild=1&keywords=switch&qid=1606145295&sr=8-433
Villeroy & Boch 德国唯宝 Switch 3 Castell 咖啡杯 搪瓷，300ml，杯高：9cm，白/蓝/绿,,￥127.97,5.0 颗星，最多 5 颗星,1,购海外购商品满 ￥300 元免运费,https://www.amazon.cn/dp/B0000C8VH6/ref=sr_1_434?dchild=1&keywords=switch&qid=1606145295&sr=8-434
Adventure Games - *马里奥奥德赛 - 高级游戏卡套 - 任天堂 Switch,,￥116.41,,,购海外购商品满 ￥300 元免运费,https://www.amazon.cn/dp/B08G45LDZ6/ref=sr_1_435?dchild=1&keywords=switch&qid=1606145295&sr=8-435
STARTECH.COM 4-port usb kvm switch with audio - NEW - Retail - SV431USBAE,,￥635.43,3.3 颗星，最多 5 颗星,14,购海外购商品满300元免运费,https://www.amazon.cn/dp/B0012VT5Y8/ref=sr_1_436?dchild=1&keywords=switch&qid=1606145295&sr=8-436
"Mumba Switch 便携包,[加大版] 便携式保护旅行携带手提包袋,适用于刀片/战斗机[大容量](红色)",,￥221.60,4.8 颗星，最多 5 颗星,22,购海外购商品满 ￥300 元免运费,https://www.amazon.cn/dp/B08FC381NG/ref=sr_1_437?dchild=1&keywords=switch&qid=1606145295&sr=8-437
"Digital Monster 保护 TPU 保护套适用于 Nintendo Switch/Switch Lite 2019,Boruto 火影忍者图案,专门设计的减震防刮保护套(数字怪物开关)",,￥129.21,,,购海外购商品满 ￥300 元免运费,https://www.amazon.cn/dp/B08F53XLZ8/ref=sr_1_438?dchild=1&keywords=switch&qid=1606145295&sr=8-438
"2020 NexiGo 充电器底座适用于 Nintendo Switch/Nintendo Switch Lite,紧凑三角充电器扩展坞,兼容 Nintendo Switch/Nintendo Switch Lite 带 C 型端口(灰色)",,￥106.05,4.3 颗星，最多 5 颗星,5,购海外购商品满 ￥300 元免运费,https://www.amazon.cn/dp/B08DP1P1PF/ref=sr_1_439?dchild=1&keywords=switch&qid=1606145295&sr=8-439
SteelSeries Apex 7 机械游戏键盘64786 Brown Switch - Tactile & Quiet Apex 7,,"￥1,055.79",4.0 颗星，最多 5 颗星,1,购海外购商品满300元免运费,https://www.amazon.cn/dp/B07SRCWNFY/ref=sr_1_440?dchild=1&keywords=switch&qid=1606145295&sr=8-440
"Butterfox 32 Switch 任天堂 Switch,Switch 游戏卡片存储盒或 SD 存储卡盒 - 珊瑚粉/黑色",,￥145.97,4.5 颗星，最多 5 颗星,2,购海外购商品满 ￥300 元免运费,https://www.amazon.cn/dp/B08D396LZ2/ref=sr_1_441?dchild=1&keywords=switch&qid=1606145295&sr=8-441
TP-LINK Desktop Gigabit Steel Cased Switch TP-LINK Desktop Gigabit Steel Cased Switch 黑色 16-Port Gigabit,,￥635.56,4.7 颗星，最多 5 颗星,10,购海外购商品满300元免运费,https://www.amazon.cn/dp/B00K4DS67C/ref=sr_1_442?dchild=1&keywords=switch&qid=1606145295&sr=8-442
任天堂 Switch 手机壳 保护壳 硬质便携外壳 外壳 适用于任天堂 Switch 控制台 Joy Con 控制器 Blue Mixed Pink,,￥154.68,4.1 颗星，最多 5 颗星,35,购海外购商品满 ￥300 元免运费,https://www.amazon.cn/dp/B089WCNX48/ref=sr_1_443?dchild=1&keywords=switch&qid=1606145295&sr=8-443
"更新版 FastSnail Mini Dock HDMI 集线器适配器适用于 Nintendo Switch,HDMI Type C 转换器电缆适用于开关(蓝色)",,￥199.89,4.3 颗星，最多 5 颗星,52,购海外购商品满 ￥300 元免运费,https://www.amazon.cn/dp/B088GZZ9VW/ref=sr_1_444?dchild=1&keywords=switch&qid=1606145295&sr=8-444
"Nintendo Switch U Core 便携包,豪华旅行系统保护套,带 18 个游戏卡插槽,用于开关控制台、专业控制器、基座和配件 - 黄色",,￥334.48,5.0 颗星，最多 5 颗星,1,购海外购商品满300元免运费,https://www.amazon.cn/dp/B086YMT2LN/ref=sr_1_445?dchild=1&keywords=switch&qid=1606145295&sr=8-445
【适用Nintendo Switch】马里奥卡车8 豪华版 Joy-Con手柄 for Nintendo Switch-Variation_P,2017-08,￥98.87,,,,https://www.amazon.cn/dp/B07211XZ6Z/ref=sr_1_446?dchild=1&keywords=switch&qid=1606145295&sr=8-446
Adventure Games - 海利亚冠，塞尔达，野生之息 - 高级游戏卡套 - Nintendo Switch,,￥111.33,4.3 颗星，最多 5 颗星,18,购海外购商品满 ￥300 元免运费,https://www.amazon.cn/dp/B085X4S1DB/ref=sr_1_447?dchild=1&keywords=switch&qid=1606145295&sr=8-447
"Switch Over Bomber 双面夹克(深橄榄色,XXL 码)",,"￥1,316.99",,,购海外购商品满300元免运费,https://www.amazon.cn/dp/B08MDQMMSC/ref=sr_1_448?dchild=1&keywords=switch&qid=1606145295&sr=8-448
Nintendo 任天堂 Switch Lite 保护套 – Animal Crossing: New Horizon 版,,￥235.51,,,购海外购商品满 ￥300 元免运费,https://www.amazon.cn/dp/B084DJ9J8C/ref=sr_1_449?dchild=1&keywords=switch&qid=1606145295&sr=8-449
HORI Switch 紧凑型游戏架 Zelda Version,2018-06,￥161.92,5.0 颗星，最多 5 颗星,2,购海外购商品满 ￥300 元免运费,https://www.amazon.cn/dp/B01A9UATJC/ref=sr_1_450?dchild=1&keywords=switch&qid=1606145295&sr=8-450
木制支架支架，适用于任天堂 Switch Ring Con，Joy Cons，腿带开关配件,,￥158.70,5.0 颗星，最多 5 颗星,1,购海外购商品满 ￥300 元免运费,https://www.amazon.cn/dp/B083X69WZF/ref=sr_1_451?dchild=1&keywords=switch&qid=1606145295&sr=8-451
CYBER 陀螺控制器（SWITCH 用）-Variation_P ライトブルー × クリーム,2020-04,￥344.49,5.0 颗星，最多 5 颗星,1,购海外购商品满300元免运费,https://www.amazon.cn/dp/B08563SS2L/ref=sr_1_452?dchild=1&keywords=switch&qid=1606145295&sr=8-452
Nintendo Switch Dockable 保护套，防震硅胶保护套，符合人体工程学的抓握设计，防摔保护手柄保护套，适用于 Nintendo Switch主机 & Joy-Con，黑色,,￥126.90,4.3 颗星，最多 5 颗星,6,购海外购商品满 ￥300 元免运费,https://www.amazon.cn/dp/B0834N55JP/ref=sr_1_453?dchild=1&keywords=switch&qid=1606145295&sr=8-453
Mizuno Women's Finch Elite Switch Softball Cleat,,￥199.55,4.2 颗星，最多 5 颗星,94,购海外购商品满 ￥300 元免运费,https://www.amazon.cn/dp/B00DIF18EG/ref=sr_1_454?dchild=1&keywords=switch&qid=1606145295&sr=8-454
eXtremeRate 替换 ABXY 方向键 SR SL L R ZR ZL 触发按钮弹簧，全套按钮维修套件带工具，适用于 Nintendo Switch Joy-Con JoyCon Shell 不包括在内AJ108  NS Full Set Buttons,,￥176.72,4.5 颗星，最多 5 颗星,"1,058",购海外购商品满 ￥300 元免运费,https://www.amazon.cn/dp/B07YSFLPVH/ref=sr_1_455?dchild=1&keywords=switch&qid=1606145295&sr=8-455
Mumba Deluxe 任天堂 Switch 手提箱，大容量旅行收纳袋，适用于开关控制台和配件 - 黑色,,￥306.07,4.7 颗星，最多 5 颗星,405,购海外购商品满300元免运费,https://www.amazon.cn/dp/B07V7D1DQG/ref=sr_1_456?dchild=1&keywords=switch&qid=1606145295&sr=8-456
Shot Case USB 壁式插座适用于 Nintendo Switch 交流适配器 1 AC 电源接口 粉红色,,￥86.81,,,,https://www.amazon.cn/dp/B07G5SX3MV/ref=sr_1_457?dchild=1&keywords=switch&qid=1606145295&sr=8-457
Stealth Case for Nintendo Switch - Super Mario 红色 Travel Kit Crash Bandicoot,2018-08,￥147.25,4.1 颗星，最多 5 颗星,6,,https://www.amazon.cn/dp/B07GDHD1TG/ref=sr_1_458?dchild=1&keywords=switch&qid=1606145295&sr=8-458
Hori游戏头戴式耳机 适用于任天堂Switch 黑色【Nintendo Switch】-Variation_P 黑色 インイヤー,2019-08,￥214.94,,,购海外购商品满 ￥300 元免运费,https://www.amazon.cn/dp/B07SYR9W6H/ref=sr_1_459?dchild=1&keywords=switch&qid=1606145295&sr=8-459
igsticker Skin for Nintendo Switch Pro Controller 超薄优质保护体贴纸（不含专业控制器）000396 for Pro Controller skin,,￥45.57,4.2 颗星，最多 5 颗星,3,,https://www.amazon.cn/dp/B07NRRRFWS/ref=sr_1_460?dchild=1&keywords=switch&qid=1606145295&sr=8-460
Verbatim Crystal 手机壳，带屏幕保护膜，任天堂 Switch 使用,,￥96.81,3.5 颗星，最多 5 颗星,14,购海外购商品满 ￥300 元免运费,https://www.amazon.cn/dp/B07L3BDTLG/ref=sr_1_461?dchild=1&keywords=switch&qid=1606145295&sr=8-461
主框后支架后支架主机外壳支撑支架支架支架支架支架支架适用于 Nintendo Switch NS,,￥106.58,4.1 颗星，最多 5 颗星,121,购海外购商品满 ￥300 元免运费,https://www.amazon.cn/dp/B07JB3NR1Q/ref=sr_1_462?dchild=1&keywords=switch&qid=1606145295&sr=8-462
